acronym,value,value_mean,value_ipsi,value_contra,value_left,value_right,is_seed,tract_experiment_id
ACAv6a,1.0,1.0,1.0,0.0,1.0,1.0,True,583747816
ACA,1.0,1.0,1.0,0.0,1.0,1.0,True,583747816
ACAd,0.99999990078179,0.99999990078179,0.99999990078179,0.0,0.99999990078179,0.99999990078179,True,583747816
MOs2/3,1.0,1.0,1.0,0.0,1.0,1.0,True,583747816
CH,1.0,1.0,1.0,0.0,1.0,1.0,True,583747816
ACAv,1.0,1.0,1.0,0.0,1.0,1.0,True,583747816
MO,1.0,1.0,1.0,0.0,1.0,1.0,True,583747816
MOs1,1.0,1.0,1.0,0.0,1.0,1.0,True,583747816
grey,1.0,1.0,1.0,0.0,1.0,1.0,True,583747816
Isocortex,1.0,1.0,1.0,0.0,1.0,1.0,True,583747816
root,1.0,1.0,1.0,0.0,1.0,1.0,True,583747816
ACAv5,1.0,1.0,1.0,0.0,1.0,1.0,True,583747816
ACAd2/3,1.0,1.0,1.0,0.0,1.0,1.0,True,583747816
ACAd5,1.0,1.0,1.0,0.0,1.0,1.0,True,583747816
MOs,1.0,1.0,1.0,0.0,1.0,1.0,True,583747816
CTX,1.0,1.0,1.0,0.0,1.0,1.0,True,583747816
CTXpl,1.0,1.0,1.0,0.0,1.0,1.0,True,583747816
ACAv2/3,1.0,1.0,1.0,0.0,1.0,1.0,True,583747816
ACAd1,1.0,1.0,1.0,0.0,1.0,1.0,True,583747816
ACAd6a,1.0,1.0,1.0,0.0,1.0,1.0,True,583747816
ACAv6b,1.0,1.0,1.0,0.0,1.0,1.0,True,583747816
fiber tracts,1.0,1.0,1.0,0.0,1.0,1.0,True,583747816
cing,1.0,1.0,1.0,0.0,1.0,1.0,True,583747816
mfbs,1.0,1.0,1.0,0.0,1.0,1.0,True,583747816
ACAv1,1.0,1.0,1.0,0.0,1.0,1.0,True,583747816
mfbc,1.0,1.0,1.0,0.0,1.0,1.0,True,583747816
MOs6a,0.999997405854235,0.999997405854235,0.999997405854235,0.0,0.999997405854235,0.999997405854235,True,583747816
MOs5,1.0,1.0,1.0,0.0,1.0,1.0,True,583747816
ACAd6b,1.0,1.0,1.0,0.0,1.0,1.0,True,583747816
HIP,1.0,1.0,1.0,0.0,1.0,1.0,True,583747816
HPF,1.0,1.0,1.0,0.0,1.0,1.0,True,583747816
IG,1.0,1.0,1.0,0.0,1.0,1.0,True,583747816
PL6a,1.0,1.0,1.0,0.0,1.0,1.0,True,583747816
PL,1.0,1.0,1.0,0.0,1.0,1.0,True,583747816
PL2/3,1.0,1.0,1.0,0.0,1.0,1.0,True,583747816
PL5,1.0,1.0,1.0,0.0,1.0,1.0,True,583747816
cc,1.0,1.0,1.0,0.0,1.0,1.0,True,583747816
ccg,1.0,1.0,1.0,0.0,1.0,1.0,True,583747816
lfbs,1.0,1.0,1.0,0.0,1.0,1.0,True,583747816
ILA2/3,0.267769607419288,0.267769607419288,0.267769607419288,0.0,0.267769607419288,0.267769607419288,True,583747816
ILA,0.55715470304046,0.55715470304046,0.55715470304046,0.0,0.55715470304046,0.55715470304046,True,583747816
ILA6a,0.571715712547302,0.571715712547302,0.571715712547302,0.0,0.571715712547302,0.571715712547302,True,583747816
ILA5,0.53122478723526,0.53122478723526,0.53122478723526,0.0,0.53122478723526,0.53122478723526,True,583747816
OLF,0.576394202523126,0.576394202523126,0.576394202523126,0.0,0.576394202523126,0.576394202523126,True,583747816
DP,0.576394202523126,0.576394202523126,0.576394202523126,0.0,0.576394202523126,0.576394202523126,True,583747816
MOs6b,0.924294122546158,0.924294122546158,0.924294122546158,0.0,0.924294122546158,0.924294122546158,True,583747816
ccb,1.0,1.0,1.0,0.0,1.0,1.0,True,583747816
PL6b,0.605850349929822,0.605850349929822,0.605850349929822,0.0,0.605850349929822,0.605850349929822,True,583747816
PL1,1.0,1.0,1.0,0.0,1.0,1.0,True,583747816
MOp,0.0,0.0,0.0,0.0,0.0,0.0,True,583747816
MOp6a,0.0,0.0,0.0,0.0,0.0,0.0,True,583747816
AAA,7.730256095914472e-05,7.730256095914472e-05,5.195793093376456e-05,0.00010264719101341785,5.195793093376456e-05,0.00010264719101341785,False,583747816
ACA,0.06350806545891126,0.06350806545891126,0.043342753380516796,0.08437970017759308,0.043342753380516796,0.08437970017759308,False,583747816
ACAd,0.06125354073394283,0.06125354073394283,0.04118227056860153,0.08215946424250264,0.04118227056860153,0.08215946424250264,False,583747816
ACAd1,0.0748376138091486,0.0748376138091486,0.05063203731457201,0.09954088581716238,0.05063203731457201,0.09954088581716238,False,583747816
ACAd2/3,0.0622690236317496,0.0622690236317496,0.044322474557088994,0.08101799907005137,0.044322474557088994,0.08101799907005137,False,583747816
ACAd5,0.057483752304928554,0.057483752304928554,0.03697851632576504,0.07935260109219347,0.03697851632576504,0.07935260109219347,False,583747816
ACAd6a,0.0556501202465628,0.0556501202465628,0.03825010862695893,0.07348374593044248,0.03825010862695893,0.07348374593044248,False,583747816
ACAd6b,0.04598142501438415,0.04598142501438415,0.034520242556675,0.057481507264732154,0.034520242556675,0.057481507264732154,False,583747816
ACAv,0.06776927603849124,0.06776927603849124,0.04661068150177619,0.08981274859199369,0.04661068150177619,0.08981274859199369,False,583747816
ACAv1,0.07813249070365473,0.07813249070365473,0.051860717585498144,0.10487590900283619,0.051860717585498144,0.10487590900283619,False,583747816
ACAv2/3,0.06417360593674899,0.06417360593674899,0.04468398595832781,0.08418480280580515,0.04468398595832781,0.08418480280580515,False,583747816
ACAv5,0.0635795523221763,0.0635795523221763,0.043757034870474595,0.0846961281535115,0.043757034870474595,0.0846961281535115,False,583747816
ACAv6a,0.07290526135232966,0.07290526135232966,0.05208938092858958,0.09457702770298199,0.05208938092858958,0.09457702770298199,False,583747816
ACAv6b,0.051438451471977814,0.051438451471977814,0.03710958231278736,0.06602180522459661,0.03710958231278736,0.06602180522459661,False,583747816
ACB,0.0021771919111050583,0.0021771919111050583,0.001447371522266022,0.0029070174528979293,0.001447371522266022,0.0029070174528979293,False,583747816
ACVII,3.367619695994612e-05,3.367619695994612e-05,4.087455422182507e-06,6.326493880181863e-05,4.087455422182507e-06,6.326493880181863e-05,False,583747816
AD,0.007604713624962217,0.007604713624962217,0.0060971293177776,0.009112297976485847,0.0060971293177776,0.009112297976485847,False,583747816
ADP,0.00016369415960575915,0.00016369415960575915,6.138230544454637e-05,0.00026600601508163966,6.138230544454637e-05,0.00026600601508163966,False,583747816
AHN,0.0016713165726486765,0.0016713165726486765,0.0009308454659735653,0.0024117876805380893,0.0009308454659735653,0.0024117876805380893,False,583747816
AI,0.0008993170417684036,0.0008993170417684036,0.0008752805863294327,0.0009233629330671475,0.0008752805863294327,0.0009233629330671475,False,583747816
AId,0.0006309025350458261,0.0006309025350458261,0.0006425556720949291,0.0006192496209179586,0.0006425556720949291,0.0006192496209179586,False,583747816
AId1,0.0004230254234243195,0.0004230254234243195,0.0004624977422321276,0.0003835531953032641,0.0004624977422321276,0.0003835531953032641,False,583747816
AId2/3,4.849155167812975e-05,4.849155167812975e-05,4.458938292405661e-05,5.239595706788023e-05,4.458938292405661e-05,5.239595706788023e-05,False,583747816
AId5,8.591854746241751e-05,8.591854746241751e-05,6.505205313662487e-05,0.00010678890555439626,6.505205313662487e-05,0.00010678890555439626,False,583747816
AId6a,0.0020660311434472813,0.0020660311434472813,0.0020809844631983986,0.0020510778274035447,0.0020809844631983986,0.0020510778274035447,False,583747816
AId6b,0.007575937196328071,0.007575937196328071,0.00858561783603964,0.006566256518910767,0.00858561783603964,0.006566256518910767,False,583747816
AIp,0.0005564031403465257,0.0005564031403465257,0.0006745503243829315,0.00043825596565251907,0.0006745503243829315,0.00043825596565251907,False,583747816
AIp1,0.00032566398363830976,0.00032566398363830976,0.000363816707813161,0.00028751125843500967,0.000363816707813161,0.00028751125843500967,False,583747816
AIp2/3,3.465328794771986e-05,3.465328794771986e-05,2.4692692337705544e-05,4.46138835764216e-05,2.4692692337705544e-05,4.46138835764216e-05,False,583747816
AIp5,7.765715236007709e-05,7.765715236007709e-05,7.884292288822387e-05,7.647138211427128e-05,7.884292288822387e-05,7.647138211427128e-05,False,583747816
AIp6a,0.0023162634019950785,0.0023162634019950785,0.0028191933409162716,0.001813333463436777,0.0028191933409162716,0.001813333463436777,False,583747816
AIp6b,0.005895054831577841,0.005895054831577841,0.008779629353400441,0.003010480331241722,0.008779629353400441,0.003010480331241722,False,583747816
AIv,0.0019569495631987874,0.0019569495631987874,0.0016566379502961383,0.002257347925975624,0.0016566379502961383,0.002257347925975624,False,583747816
AIv1,0.00206913502423417,0.00206913502423417,0.001750738452686425,0.0023875412729670044,0.001750738452686425,0.0023875412729670044,False,583747816
AIv2/3,0.0017132756622087275,0.0017132756622087275,0.0013580278407370825,0.002068656765034789,0.0013580278407370825,0.002068656765034789,False,583747816
AIv5,0.0013137502293687708,0.0013137502293687708,0.0010465651165400946,0.0015810050402270124,0.0010465651165400946,0.0015810050402270124,False,583747816
AIv6a,0.005231785481466156,0.005231785481466156,0.005014671266481222,0.005448899731745115,0.005014671266481222,0.005448899731745115,False,583747816
AIv6b,0.011910662014830223,0.011910662014830223,0.011420500889763308,0.0124008231651365,0.011420500889763308,0.0124008231651365,False,583747816
AM,0.0478098142513745,0.0478098142513745,0.03168958206158226,0.06393004644116673,0.03168958206158226,0.06393004644116673,False,583747816
AMB,1.6387089345810512e-05,1.6387089345810512e-05,2.006765195988258e-05,1.2706526731739361e-05,2.006765195988258e-05,1.2706526731739361e-05,False,583747816
AMBd,1.9959027174014107e-05,1.9959027174014107e-05,3.0581179118471795e-05,9.336875097250355e-06,3.0581179118471795e-05,9.336875097250355e-06,False,583747816
AMBv,1.2924856210592657e-05,1.2924856210592657e-05,9.877025954484624e-06,1.597268643324233e-05,9.877025954484624e-06,1.597268643324233e-05,False,583747816
AMd,0.05051928583250442,0.05051928583250442,0.035737390077598546,0.06530118151187593,0.035737390077598546,0.06530118151187593,False,583747816
AMv,0.043831246472080164,0.043831246472080164,0.025745811125034043,0.06191668156927304,0.025745811125034043,0.06191668156927304,False,583747816
AN,1.646134451704891e-05,1.646134451704891e-05,1.7072566303336092e-05,1.5850230426875378e-05,1.7072566303336092e-05,1.5850230426875378e-05,False,583747816
ANcr1,1.728838820916292e-05,1.728838820916292e-05,1.804039822293772e-05,1.653637748854367e-05,1.804039822293772e-05,1.653637748854367e-05,False,583747816
ANcr2,1.553995745480005e-05,1.553995745480005e-05,1.5994134396808904e-05,1.5085973135647661e-05,1.5994134396808904e-05,1.5085973135647661e-05,False,583747816
AOB,0.00018882814507784653,0.00018882814507784653,0.00017594286675948385,0.00020172357258215428,0.00017594286675948385,0.00020172357258215428,False,583747816
AOBgl,0.0007599655410982852,0.0007599655410982852,0.0006984224719310322,0.0008215076145873322,0.0006984224719310322,0.0008215076145873322,False,583747816
AOBgr,1.1603875091733833e-05,1.1603875091733833e-05,1.0195008378842047e-05,1.2956946280877776e-05,1.0195008378842047e-05,1.2956946280877776e-05,False,583747816
AOBmi,1.1288625493068848e-05,1.1288625493068848e-05,1.622639320175615e-05,6.350838197943974e-06,1.622639320175615e-05,6.350838197943974e-06,False,583747816
AON,0.00028054911224255265,0.00028054911224255265,0.00018691275356138862,0.0003741860820595102,0.00018691275356138862,0.0003741860820595102,False,583747816
AP,0.00011720653913683185,0.00011720653913683185,0.00010429467387218725,0.0001301184041588252,0.00010429467387218725,0.0001301184041588252,False,583747816
APN,0.008015726256275677,0.008015726256275677,0.0033745417244770174,0.01265691075302219,0.0033745417244770174,0.01265691075302219,False,583747816
APr,0.0008879795776966103,0.0008879795776966103,0.0004991715181557238,0.0012767816587058369,0.0004991715181557238,0.0012767816587058369,False,583747816
AQ,0.0001610004643739657,0.0001610004643739657,0.0001344491385863181,0.00018755179016209414,0.0001344491385863181,0.00018755179016209414,False,583747816
ARH,0.0002165259911950745,0.0002165259911950745,0.00022423404092517083,0.00020881794153992378,0.00022423404092517083,0.00020881794153992378,False,583747816
ASO,0.0019198243135877973,0.0019198243135877973,0.0014396988821006723,0.002399949742066001,0.0014396988821006723,0.002399949742066001,False,583747816
AT,0.008582976295306813,0.008582976295306813,0.005440388681897377,0.011725563958353788,0.005440388681897377,0.011725563958353788,False,583747816
ATN,0.023751106259528997,0.023751106259528997,0.014059080467759916,0.03344313205129807,0.014059080467759916,0.03344313205129807,False,583747816
AUD,0.0006715589684558534,0.0006715589684558534,0.0004850545955783529,0.0008580615201640413,0.0004850545955783529,0.0008580615201640413,False,583747816
AUDd,0.0009280349190587891,0.0009280349190587891,0.0006103745037516773,0.0012456830042298927,0.0006103745037516773,0.0012456830042298927,False,583747816
AUDd1,0.0028060026199115042,0.0028060026199115042,0.001382394769505046,0.004229486861095245,0.001382394769505046,0.004229486861095245,False,583747816
AUDd2/3,0.0003910745946166365,0.0003910745946166365,0.0002716616401096508,0.0005104875510594099,0.0002716616401096508,0.0005104875510594099,False,583747816
AUDd4,0.00011695716555824586,0.00011695716555824586,8.244403064538177e-05,0.00015147030034107732,8.244403064538177e-05,0.00015147030034107732,False,583747816
AUDd5,0.00033224898517430145,0.00033224898517430145,0.00023489584641626614,0.0004296020908187703,0.00023489584641626614,0.0004296020908187703,False,583747816
AUDd6a,0.001319889182913247,0.001319889182913247,0.0011973554994889092,0.00144242286719381,0.0011973554994889092,0.00144242286719381,False,583747816
AUDd6b,0.002423657301493415,0.002423657301493415,0.0022286430708716304,0.0026186715538711555,0.0022286430708716304,0.0026186715538711555,False,583747816
AUDp,0.00044122648210866654,0.00044122648210866654,0.00031811923363070615,0.0005643340130003515,0.00031811923363070615,0.0005643340130003515,False,583747816
AUDp1,0.0012921610647724862,0.0012921610647724862,0.0007041010527757631,0.0018802296280657944,0.0007041010527757631,0.0018802296280657944,False,583747816
AUDp2/3,0.00013091524548752725,0.00013091524548752725,8.683641089643987e-05,0.0001749940795729141,8.683641089643987e-05,0.0001749940795729141,False,583747816
AUDp4,5.392674999043638e-05,5.392674999043638e-05,5.388363378495074e-05,5.3969865812376124e-05,5.388363378495074e-05,5.3969865812376124e-05,False,583747816
AUDp5,0.00013679803712477186,0.00013679803712477186,0.00011141729610720399,0.0001621787777301158,0.00011141729610720399,0.0001621787777301158,False,583747816
AUDp6a,0.0007457377132870404,0.0007457377132870404,0.0007131777726871085,0.0007782976501086996,0.0007131777726871085,0.0007782976501086996,False,583747816
AUDp6b,0.00125760546500552,0.00125760546500552,0.0013410071559850577,0.0011742037736218003,0.0013410071559850577,0.0011742037736218003,False,583747816
AUDpo,0.001958629229763429,0.001958629229763429,0.0015327971165526966,0.0023844613288871667,0.0015327971165526966,0.0023844613288871667,False,583747816
AUDpo1,0.004399195581621319,0.004399195581621319,0.0024937502573467423,0.006304640890184723,0.0024937502573467423,0.006304640890184723,False,583747816
AUDpo2/3,0.0009213972132360768,0.0009213972132360768,0.0008368350173532696,0.0010059594094402238,0.0008368350173532696,0.0010059594094402238,False,583747816
AUDpo4,0.000398446250666686,0.000398446250666686,0.0003739294451843152,0.0004229630560802763,0.0003739294451843152,0.0004229630560802763,False,583747816
AUDpo5,0.0009943835557674869,0.0009943835557674869,0.0009291901682409411,0.00105957693323262,0.0009291901682409411,0.00105957693323262,False,583747816
AUDpo6a,0.0035461377870220977,0.0035461377870220977,0.0033179775799825986,0.003774297996715965,0.0033179775799825986,0.003774297996715965,False,583747816
AUDpo6b,0.004339862150955049,0.004339862150955049,0.004238091182208315,0.004441633128319663,0.004238091182208315,0.004441633128319663,False,583747816
AUDv,0.00033906953192935647,0.00033906953192935647,0.0002458459523152388,0.00043229311154347426,0.0002458459523152388,0.00043229311154347426,False,583747816
AUDv1,0.0008423044762213,0.0008423044762213,0.0005198163778674987,0.0011647925773228015,0.0005198163778674987,0.0011647925773228015,False,583747816
AUDv2/3,0.00016205969440401914,0.00016205969440401914,0.00010608646753323825,0.00021803292172417428,0.00010608646753323825,0.00021803292172417428,False,583747816
AUDv4,6.094437768152025e-05,6.094437768152025e-05,4.027218974843622e-05,8.161656563429213e-05,4.027218974843622e-05,8.161656563429213e-05,False,583747816
AUDv5,0.00012874351605023432,0.00012874351605023432,8.163340259220246e-05,0.00017585362974326086,8.163340259220246e-05,0.00017585362974326086,False,583747816
AUDv6a,0.0006339865655184312,0.0006339865655184312,0.0005589359384849533,0.0007090371871453864,0.0005589359384849533,0.0007090371871453864,False,583747816
AUDv6b,0.0009622339432777869,0.0009622339432777869,0.0009230367138504457,0.001001431169837059,0.0009230367138504457,0.001001431169837059,False,583747816
AV,0.01834623413157749,0.01834623413157749,0.010499744617416854,0.026192723654135584,0.010499744617416854,0.026192723654135584,False,583747816
AVP,0.0009924332790198604,0.0009924332790198604,0.00031009375073506385,0.001674772822395064,0.00031009375073506385,0.001674772822395064,False,583747816
AVPV,0.00027358988995905954,0.00027358988995905954,0.0001221316264962239,0.0004250481493681965,0.0001221316264962239,0.0004250481493681965,False,583747816
Acs5,4.104341818205401e-06,4.104341818205401e-06,6.332293492383869e-06,1.8763900495479934e-06,6.332293492383869e-06,1.8763900495479934e-06,False,583747816
B,0.001397400714444385,0.001397400714444385,0.0010835348213884973,0.001711266612437767,0.0010835348213884973,0.001711266612437767,False,583747816
BA,0.00022146700737530494,0.00022146700737530494,0.0003096807982403761,0.0001332532161215363,0.0003096807982403761,0.0001332532161215363,False,583747816
BAC,0.0002200023684225933,0.0002200023684225933,0.00016109555605568583,0.00027890918186932937,0.00016109555605568583,0.00027890918186932937,False,583747816
BLA,0.000714914801638368,0.000714914801638368,0.000568726834284174,0.0008611027689925624,0.000568726834284174,0.0008611027689925624,False,583747816
BLAa,0.0016047966043177982,0.0016047966043177982,0.0012907513345101205,0.0019188418725218693,0.0012907513345101205,0.0019188418725218693,False,583747816
BLAp,0.00016356299410283124,0.00016356299410283124,0.00011621545656719814,0.00021091052913916258,0.00011621545656719814,0.00021091052913916258,False,583747816
BLAv,1.7023575929848316e-05,1.7023575929848316e-05,1.1228430107760022e-05,2.2818721671519355e-05,1.1228430107760022e-05,2.2818721671519355e-05,False,583747816
BMA,2.8351586627788423e-05,2.8351586627788423e-05,1.4274188905589055e-05,4.2428984349988565e-05,1.4274188905589055e-05,4.2428984349988565e-05,False,583747816
BMAa,2.740506062111398e-05,2.740506062111398e-05,1.736071269403798e-05,3.744940850780849e-05,1.736071269403798e-05,3.744940850780849e-05,False,583747816
BMAp,2.9363594867849356e-05,2.9363594867849356e-05,1.097413519030696e-05,4.7753054853195365e-05,1.097413519030696e-05,4.7753054853195365e-05,False,583747816
BS,0.0044755968979498005,0.0044755968979498005,0.0025147817769509743,0.006436412333094092,0.0025147817769509743,0.006436412333094092,False,583747816
BST,0.0005410371608521363,0.0005410371608521363,0.00022060955834491403,0.0008614644463078667,0.00022060955834491403,0.0008614644463078667,False,583747816
CA,3.035709892665357e-05,3.035709892665357e-05,2.3646141590436536e-05,3.706803266258614e-05,2.3646141590436536e-05,3.706803266258614e-05,False,583747816
CA1,1.4966842913144753e-05,1.4966842913144753e-05,1.3733049322049864e-05,1.6200653433489355e-05,1.3733049322049864e-05,1.6200653433489355e-05,False,583747816
CA2,3.172937038050562e-05,3.172937038050562e-05,3.093654423782983e-05,3.2522196707211234e-05,3.093654423782983e-05,3.2522196707211234e-05,False,583747816
CA3,5.529537174926575e-05,5.529537174926575e-05,3.9222476737223135e-05,7.136826532130381e-05,3.9222476737223135e-05,7.136826532130381e-05,False,583747816
CB,4.1004270932034067e-05,4.1004270932034067e-05,3.7824159797823854e-05,4.418441311173544e-05,3.7824159797823854e-05,4.418441311173544e-05,False,583747816
CBN,1.3104351099668074e-05,1.3104351099668074e-05,9.54831225930499e-06,1.666038994003167e-05,9.54831225930499e-06,1.666038994003167e-05,False,583747816
CBX,3.145378468813923e-05,3.145378468813923e-05,2.895225632051549e-05,3.395529776030905e-05,2.895225632051549e-05,3.395529776030905e-05,False,583747816
CEA,0.00016620018298692038,0.00016620018298692038,7.958002519772866e-05,0.00025282034077611307,7.958002519772866e-05,0.00025282034077611307,False,583747816
CEAc,0.0002549486573132161,0.0002549486573132161,0.00019375309333417834,0.0003161442198187733,0.00019375309333417834,0.0003161442198187733,False,583747816
CEAl,6.67067569552494e-05,6.67067569552494e-05,1.9717961666933116e-05,0.00011369555098579714,1.9717961666933116e-05,0.00011369555098579714,False,583747816
CEAm,0.00016404000804839825,0.00016404000804839825,5.3147892680023235e-05,0.0002749321235191424,5.3147892680023235e-05,0.0002749321235191424,False,583747816
CENT,3.977506249895533e-05,3.977506249895533e-05,3.405208796589003e-05,4.549791434715388e-05,3.405208796589003e-05,4.549791434715388e-05,False,583747816
CENT2,4.518069594168817e-05,4.518069594168817e-05,3.3552181976517514e-05,5.680907193660536e-05,3.3552181976517514e-05,5.680907193660536e-05,False,583747816
CENT3,3.71439046301146e-05,3.71439046301146e-05,3.429554017892016e-05,3.9992172978157256e-05,3.429554017892016e-05,3.9992172978157256e-05,False,583747816
CH,0.004426832229056949,0.004426832229056949,0.0031169750524044164,0.005739009631039047,0.0031169750524044164,0.005739009631039047,False,583747816
CL,0.02666341576651798,0.02666341576651798,0.013447856211456269,0.039878975295731874,0.013447856211456269,0.039878975295731874,False,583747816
CLA,0.018597163971191186,0.018597163971191186,0.019014350868958564,0.018179937872396527,0.019014350868958564,0.018179937872396527,False,583747816
CLI,0.0005809591675556393,0.0005809591675556393,0.0004846677433620877,0.0006772505874160037,0.0004846677433620877,0.0006772505874160037,False,583747816
CM,0.006092452778876038,0.006092452778876038,0.004998221400001043,0.007186684120273104,0.004998221400001043,0.007186684120273104,False,583747816
CN,7.015577987758444e-05,7.015577987758444e-05,7.091088656136029e-05,6.94006731938097e-05,7.091088656136029e-05,6.94006731938097e-05,False,583747816
CNU,0.007048356256233997,0.007048356256233997,0.005356854654318028,0.008739861383453526,0.005356854654318028,0.008739861383453526,False,583747816
COA,6.637720509320464e-05,6.637720509320464e-05,7.342530172754e-05,5.933096653561779e-05,7.342530172754e-05,5.933096653561779e-05,False,583747816
COAa,7.218799367772348e-05,7.218799367772348e-05,7.139874980278422e-05,7.297058272752104e-05,7.139874980278422e-05,7.297058272752104e-05,False,583747816
COAp,6.45860629480536e-05,6.45860629480536e-05,7.403262734015098e-05,5.513983902825094e-05,7.403262734015098e-05,5.513983902825094e-05,False,583747816
COApl,7.754593011084798e-05,7.754593011084798e-05,8.606905270126512e-05,6.902380098546856e-05,8.606905270126512e-05,6.902380098546856e-05,False,583747816
COApm,5.255882949520588e-05,5.255882949520588e-05,6.286494716372252e-05,4.225273008344179e-05,6.286494716372252e-05,4.225273008344179e-05,False,583747816
COPY,3.0808197705679567e-05,3.0808197705679567e-05,3.440559255282948e-05,2.7210736665948598e-05,3.440559255282948e-05,2.7210736665948598e-05,False,583747816
CP,0.013399802920151012,0.013399802920151012,0.010406556720713726,0.016393131727257308,0.010406556720713726,0.016393131727257308,False,583747816
CS,0.01672579511661536,0.01672579511661536,0.013581145947882869,0.019870436269113886,0.013581145947882869,0.019870436269113886,False,583747816
CTX,0.0037747009117051213,0.0037747009117051213,0.0025606634619589237,0.00499096323396051,0.0025606634619589237,0.00499096323396051,False,583747816
CTXpl,0.0038754455977083276,0.0038754455977083276,0.002610084750057366,0.0051432262901708855,0.002610084750057366,0.0051432262901708855,False,583747816
CTXsp,0.001408136105729996,0.001408136105729996,0.0013971537145218294,0.001419117680048719,0.0013971537145218294,0.001419117680048719,False,583747816
CU,8.881801962287661e-05,8.881801962287661e-05,0.00014046991074888709,3.7166155005702165e-05,0.00014046991074888709,3.7166155005702165e-05,False,583747816
CUL,2.344230680777816e-05,2.344230680777816e-05,2.1128239502871984e-05,2.5756275894500393e-05,2.1128239502871984e-05,2.5756275894500393e-05,False,583747816
"CUL4, 5",2.344230679632535e-05,2.344230679632535e-05,2.1128239499511015e-05,2.5756275863502928e-05,2.1128239499511015e-05,2.5756275863502928e-05,False,583747816
CUN,0.0011395290300596013,0.0011395290300596013,0.0003969324712847819,0.0018821255926000041,0.0003969324712847819,0.0018821255926000041,False,583747816
DCN,7.976208860783837e-05,7.976208860783837e-05,0.00012077845542675238,3.874571721218786e-05,0.00012077845542675238,3.874571721218786e-05,False,583747816
DCO,4.03946279075234e-05,4.03946279075234e-05,4.036031885997434e-05,4.042893692595645e-05,4.036031885997434e-05,4.042893692595645e-05,False,583747816
DEC,1.4552590170144187e-05,1.4552590170144187e-05,1.5040838518738268e-05,1.4064341830617422e-05,1.5040838518738268e-05,1.4064341830617422e-05,False,583747816
DG,0.0001900582476298186,0.0001900582476298186,0.00015014238862852959,0.00022997533287703612,0.00015014238862852959,0.00022997533287703612,False,583747816
DG-mo,0.0002848158437921211,0.0002848158437921211,0.00022558784651614767,0.0003440458050609621,0.00022558784651614767,0.0003440458050609621,False,583747816
DG-po,4.337620173618376e-06,4.337620173618376e-06,3.740407589360307e-06,4.934832779775564e-06,3.740407589360307e-06,4.934832779775564e-06,False,583747816
DG-sg,1.5129277945491555e-05,1.5129277945491555e-05,1.0240150258245803e-05,2.0018460410942695e-05,1.0240150258245803e-05,2.0018460410942695e-05,False,583747816
DMH,0.0005612195380444515,0.0005612195380444515,0.0004068656383955344,0.0007155734360085491,0.0004068656383955344,0.0007155734360085491,False,583747816
DMX,5.7202750020657227e-05,5.7202750020657227e-05,7.932770536449536e-05,3.5077795014416485e-05,7.932770536449536e-05,3.5077795014416485e-05,False,583747816
DN,7.626308616647764e-06,7.626308616647764e-06,6.0996222134292916e-06,9.152994957292351e-06,6.0996222134292916e-06,9.152994957292351e-06,False,583747816
DORpm,0.01127242516488455,0.01127242516488455,0.006229163398450596,0.016315686931318508,0.006229163398450596,0.016315686931318508,False,583747816
DORsm,0.00475766578801481,0.00475766578801481,0.0022050116958024922,0.0073103198802271264,0.0022050116958024922,0.0073103198802271264,False,583747816
DP,0.0038839994825316426,0.0038839994825316426,0.002332952535456758,0.0054350692974814785,0.002332952535456758,0.0054350692974814785,False,583747816
DR,0.005176716367841978,0.005176716367841978,0.004865136439841895,0.0054882962863364955,0.004865136439841895,0.0054882962863364955,False,583747816
DT,0.0008629217756216244,0.0008629217756216244,0.00032705189493448413,0.0013987916551723698,0.00032705189493448413,0.0013987916551723698,False,583747816
DTN,0.004289761463017745,0.004289761463017745,0.0035007339308671527,0.005078788979280995,0.0035007339308671527,0.005078788979280995,False,583747816
ECT,0.001205700219506665,0.001205700219506665,0.0011956821957630674,0.001215718243250265,0.0011956821957630674,0.001215718243250265,False,583747816
ECT1,0.00128314146143161,0.00128314146143161,0.0007776993579158217,0.0017885835671500943,0.0007776993579158217,0.0017885835671500943,False,583747816
ECT2/3,0.0004110319834318042,0.0004110319834318042,0.00030094682598603696,0.0005211171412554373,0.00030094682598603696,0.0005211171412554373,False,583747816
ECT5,0.0008784859412269798,0.0008784859412269798,0.0008161346061896634,0.0009408372756013521,0.0008161346061896634,0.0009408372756013521,False,583747816
ECT6a,0.002490588709863196,0.002490588709863196,0.0028986331707833864,0.00208254424867877,0.0028986331707833864,0.00208254424867877,False,583747816
ECT6b,0.001755829354086199,0.001755829354086199,0.0024377671440252396,0.0010738915583131216,0.0024377671440252396,0.0010738915583131216,False,583747816
ECU,9.947140281151339e-05,9.947140281151339e-05,0.00010862354735823151,9.03192584752218e-05,0.00010862354735823151,9.03192584752218e-05,False,583747816
ENT,0.0005555612897034315,0.0005555612897034315,0.0005453388917342623,0.0005657835966085285,0.0005453388917342623,0.0005657835966085285,False,583747816
ENTl,0.0007698637377170078,0.0007698637377170078,0.0007893482872999685,0.0007503791636104758,0.0007893482872999685,0.0007503791636104758,False,583747816
ENTl1,0.0004084114415961834,0.0004084114415961834,0.00034160640559346793,0.0004752164772105719,0.00034160640559346793,0.0004752164772105719,False,583747816
ENTl2,0.0005880212599734366,0.0005880212599734366,0.0005354224433203925,0.0006406200802728022,0.0005354224433203925,0.0006406200802728022,False,583747816
ENTl3,0.0008257606038520653,0.0008257606038520653,0.0008508106219178771,0.0008007105926922274,0.0008508106219178771,0.0008007105926922274,False,583747816
ENTl5,0.0011759505205036758,0.0011759505205036758,0.0012615714735369139,0.0010903295530541868,0.0012615714735369139,0.0010903295530541868,False,583747816
ENTl6a,0.0007620801692281702,0.0007620801692281702,0.0008753182008982135,0.0006488416334434787,0.0008753182008982135,0.0006488416334434787,False,583747816
ENTm,0.000283217350985874,0.000283217350985874,0.0002352421775657413,0.00033119229373864,0.0002352421775657413,0.00033119229373864,False,583747816
ENTm1,0.00031461819934126167,0.00031461819934126167,0.00027721389205883755,0.000352022507656846,0.00027721389205883755,0.000352022507656846,False,583747816
ENTm2,0.00011609147424300543,0.00011609147424300543,0.00010931293194930341,0.00012287001522157993,0.00010931293194930341,0.00012287001522157993,False,583747816
ENTm3,0.00017885024280845556,0.00017885024280845556,0.00016124842251508912,0.0001964518683105878,0.00016124842251508912,0.0001964518683105878,False,583747816
ENTm5,0.00046121276648634983,0.00046121276648634983,0.0003412265760176457,0.0005811980380509578,0.0003412265760176457,0.0005811980380509578,False,583747816
ENTm6,0.0004615817416585477,0.0004615817416585477,0.00036684397304734913,0.0005563178021866018,0.00036684397304734913,0.0005563178021866018,False,583747816
EP,0.00022706776387921947,0.00022706776387921947,0.0002306481952828606,0.0002234885965985254,0.0002306481952828606,0.0002234885965985254,False,583747816
EPI,0.0034213216470771455,0.0034213216470771455,0.001559607000938979,0.005283036293215313,0.001559607000938979,0.005283036293215313,False,583747816
EPd,0.000327426039048956,0.000327426039048956,0.0003345732247395853,0.00032028248160942386,0.0003345732247395853,0.00032028248160942386,False,583747816
EPv,3.93222313246803e-05,3.93222313246803e-05,3.622378576272014e-05,4.24206767931809e-05,3.622378576272014e-05,4.24206767931809e-05,False,583747816
EW,0.0077320992878734925,0.0077320992878734925,0.00729539497265401,0.008168803567603416,0.00729539497265401,0.008168803567603416,False,583747816
Eth,0.008354687130601104,0.008354687130601104,0.0027357007441281686,0.01397367350234459,0.0027357007441281686,0.01397367350234459,False,583747816
FC,0.00018240404191873747,0.00018240404191873747,0.00017162467708538575,0.00019318340559528835,0.00017162467708538575,0.00019318340559528835,False,583747816
FF,0.015082813694307338,0.015082813694307338,0.007137135540886561,0.02302849167634067,0.007137135540886561,0.02302849167634067,False,583747816
FL,3.85128022203714e-05,3.85128022203714e-05,3.27168589894341e-05,4.430523993507964e-05,3.27168589894341e-05,4.430523993507964e-05,False,583747816
FN,1.3177574811313854e-05,1.3177574811313854e-05,7.5753991011085764e-06,1.8779750442171188e-05,7.5753991011085764e-06,1.8779750442171188e-05,False,583747816
FOTU,9.952311365105918e-06,9.952311365105918e-06,9.28567645276929e-06,1.0618916738220655e-05,9.28567645276929e-06,1.0618916738220655e-05,False,583747816
FRP,0.0011906628961838167,0.0011906628961838167,0.000994565946024226,0.0013867654399026064,0.000994565946024226,0.0013867654399026064,False,583747816
FRP1,0.002441108623853343,0.002441108623853343,0.002194336417465285,0.002687874803538121,0.002194336417465285,0.002687874803538121,False,583747816
FRP2/3,0.0011111128572506477,0.0011111128572506477,0.0009373508367990236,0.0012848744592263812,0.0009373508367990236,0.0012848744592263812,False,583747816
FRP5,0.0005364729306777773,0.0005364729306777773,0.0003965010971145068,0.0006764447692292869,0.0003965010971145068,0.0006764447692292869,False,583747816
FRP6a,0.000662746627429612,0.000662746627429612,0.00035281260878776297,0.0009726806447085344,0.00035281260878776297,0.0009726806447085344,False,583747816
FRP6b,0.0012055565844369732,0.0012055565844369732,0.0007749840401406593,0.001636129124428696,0.0007749840401406593,0.001636129124428696,False,583747816
FS,0.0001757133923416302,0.0001757133923416302,0.0001000281342046738,0.0002513986510050298,0.0001000281342046738,0.0002513986510050298,False,583747816
GENd,0.0007195864637688251,0.0007195864637688251,0.0002816637796370442,0.0011575091479006164,0.0002816637796370442,0.0011575091479006164,False,583747816
GENv,0.003263202441580429,0.003263202441580429,0.0012416286758724986,0.005284776207288361,0.0012416286758724986,0.005284776207288361,False,583747816
GPe,0.001152907679378767,0.001152907679378767,0.0007037576088119985,0.001602057746533984,0.0007037576088119985,0.001602057746533984,False,583747816
GPi,0.0029659110599740647,0.0029659110599740647,0.0014760312072180709,0.004455790897874291,0.0014760312072180709,0.004455790897874291,False,583747816
GR,4.2801600122540975e-05,4.2801600122540975e-05,4.04109730995491e-05,4.519222715120928e-05,4.04109730995491e-05,4.519222715120928e-05,False,583747816
GRN,0.0001418676582084282,0.0001418676582084282,0.00013983686990666838,0.0001438980926280659,0.00013983686990666838,0.0001438980926280659,False,583747816
GU,0.0007780086063824918,0.0007780086063824918,0.0009690463804191697,0.0005869708323458164,0.0009690463804191697,0.0005869708323458164,False,583747816
GU1,0.0009520008528144976,0.0009520008528144976,0.0010087756726646466,0.0008952260304789378,0.0010087756726646466,0.0008952260304789378,False,583747816
GU2/3,2.4770339243678232e-05,2.4770339243678232e-05,3.3023938902142935e-05,1.651673956167787e-05,3.3023938902142935e-05,1.651673956167787e-05,False,583747816
GU4,1.2176719958698194e-05,1.2176719958698194e-05,1.0180873407061545e-05,1.4172566381756004e-05,1.0180873407061545e-05,1.4172566381756004e-05,False,583747816
GU5,3.474736016482626e-05,3.474736016482626e-05,2.4571282038998803e-05,4.4923438623652546e-05,2.4571282038998803e-05,4.4923438623652546e-05,False,583747816
GU6a,0.0019311162511400626,0.0019311162511400626,0.002457449583911702,0.0014047829283242988,0.002457449583911702,0.0014047829283242988,False,583747816
GU6b,0.007900036840209424,0.007900036840209424,0.010396668439565611,0.0054034052408948804,0.010396668439565611,0.0054034052408948804,False,583747816
HATA,4.004308344159998e-05,4.004308344159998e-05,4.688430811190946e-05,3.320185897660107e-05,4.688430811190946e-05,3.320185897660107e-05,False,583747816
HB,0.0014586048255121752,0.0014586048255121752,0.001114203461747679,0.001803008359960303,0.001114203461747679,0.001803008359960303,False,583747816
HEM,3.501107667024128e-05,3.501107667024128e-05,3.1932612045320714e-05,3.808954053097567e-05,3.1932612045320714e-05,3.808954053097567e-05,False,583747816
HIP,0.00015529174201583655,0.00015529174201583655,0.00011756305592166862,0.00019302102211603172,0.00011756305592166862,0.00019302102211603172,False,583747816
HPF,0.0003392200254597988,0.0003392200254597988,0.00028501696321596247,0.0003934242021585441,0.00028501696321596247,0.0003934242021585441,False,583747816
HY,0.004887513175187345,0.004887513175187345,0.0027747882051438215,0.007000224138243582,0.0027747882051438215,0.007000224138243582,False,583747816
I5,1.5101892780521967e-05,1.5101892780521967e-05,2.2993570921857396e-05,7.2102146390571445e-06,2.2993570921857396e-05,7.2102146390571445e-06,False,583747816
IA,5.8446975392251366e-05,5.8446975392251366e-05,3.0409249348575184e-05,8.648470208203892e-05,3.0409249348575184e-05,8.648470208203892e-05,False,583747816
IAD,0.03662762670195108,0.03662762670195108,0.02553272848746045,0.04772252498467794,0.02553272848746045,0.04772252498467794,False,583747816
IAM,0.035226584882222925,0.035226584882222925,0.030973164650069482,0.03948000501864403,0.030973164650069482,0.03948000501864403,False,583747816
IB,0.00728693251769154,0.00728693251769154,0.003973888577381969,0.010599967391857104,0.003973888577381969,0.010599967391857104,False,583747816
IC,8.737605707424896e-05,8.737605707424896e-05,3.74138396987072e-05,0.0001373368890821073,3.74138396987072e-05,0.0001373368890821073,False,583747816
ICB,1.905638236158135e-05,1.905638236158135e-05,1.3560763714696554e-05,2.45520009130294e-05,1.3560763714696554e-05,2.45520009130294e-05,False,583747816
ICc,1.321941706599619e-05,1.321941706599619e-05,5.830932594976639e-06,2.0607901570572194e-05,5.830932594976639e-06,2.0607901570572194e-05,False,583747816
ICd,0.00010342557863574044,0.00010342557863574044,4.3472953575763775e-05,0.0001633782021774578,4.3472953575763775e-05,0.0001633782021774578,False,583747816
ICe,0.00011859884147762885,0.00011859884147762885,5.1226747081010296e-05,0.0001859689976940939,5.1226747081010296e-05,0.0001859689976940939,False,583747816
IF,0.0020371095657647216,0.0020371095657647216,0.0015223136036840704,0.002551905527864957,0.0015223136036840704,0.002551905527864957,False,583747816
IG,0.01521561902605896,0.01521561902605896,0.011161983808911891,0.019287006906516368,0.011161983808911891,0.019287006906516368,False,583747816
IGL,0.003646490530053514,0.003646490530053514,0.001522850601470972,0.0057701304671323,0.001522850601470972,0.0057701304671323,False,583747816
III,0.00012038829652248967,0.00012038829652248967,9.89960275539616e-05,0.0001417805654197044,9.89960275539616e-05,0.0001417805654197044,False,583747816
IIIn,0.002042737459463289,0.002042737459463289,0.0012873061528516096,0.0027981687732797243,0.0012873061528516096,0.0027981687732797243,False,583747816
IIn,0.0009973636002081324,0.0009973636002081324,0.000877645633744023,0.0011170815606956017,0.000877645633744023,0.0011170815606956017,False,583747816
ILA,0.0063279497951036585,0.0063279497951036585,0.004240136458844939,0.008416035947702728,0.004240136458844939,0.008416035947702728,False,583747816
ILA1,0.003985622576719121,0.003985622576719121,0.0029604215088009965,0.005011044801540264,0.0029604215088009965,0.005011044801540264,False,583747816
ILA2/3,0.0030192861518910895,0.0030192861518910895,0.0021466426805109174,0.0038919098109484866,0.0021466426805109174,0.0038919098109484866,False,583747816
ILA5,0.0050613765948070875,0.0050613765948070875,0.003432900593764981,0.006690331083312607,0.003432900593764981,0.006690331083312607,False,583747816
ILA6a,0.012073717361191307,0.012073717361191307,0.007697831140884731,0.016449656561399923,0.007697831140884731,0.016449656561399923,False,583747816
ILA6b,0.012620665598924902,0.012620665598924902,0.008935952248225128,0.01630537888847051,0.008935952248225128,0.01630537888847051,False,583747816
ILM,0.011260012464398544,0.011260012464398544,0.006245095290375587,0.016274929638421507,0.006245095290375587,0.016274929638421507,False,583747816
IMD,0.001694074536466937,0.001694074536466937,0.001275128702162868,0.0021130203671232296,0.001275128702162868,0.0021130203671232296,False,583747816
INC,0.002390023346008757,0.002390023346008757,0.001350798961198174,0.0034292477304405525,0.001350798961198174,0.0034292477304405525,False,583747816
IO,0.00013442959535169143,0.00013442959535169143,7.691666523068474e-05,0.0001919425259190848,7.691666523068474e-05,0.0001919425259190848,False,583747816
IP,8.439544315047526e-06,8.439544315047526e-06,6.2322654896944434e-06,1.0646823119733571e-05,6.2322654896944434e-06,1.0646823119733571e-05,False,583747816
IPA,0.003019598991079909,0.003019598991079909,0.0022052260030838546,0.0038339719986859658,0.0022052260030838546,0.0038339719986859658,False,583747816
IPC,0.001585158918793993,0.001585158918793993,0.00115510957919003,0.002015208269377135,0.00115510957919003,0.002015208269377135,False,583747816
IPDL,0.00557822815248388,0.00557822815248388,0.0031748569811345237,0.0079815993188602,0.0031748569811345237,0.0079815993188602,False,583747816
IPDM,0.0018727115660014937,0.0018727115660014937,0.001226500930887559,0.002518922191644794,0.001226500930887559,0.002518922191644794,False,583747816
IPI,0.003590530673998929,0.003590530673998929,0.0022784281627193964,0.004902633197268601,0.0022784281627193964,0.004902633197268601,False,583747816
IPL,0.008510065601266834,0.008510065601266834,0.004297539630564231,0.012722591564582875,0.004297539630564231,0.012722591564582875,False,583747816
IPN,0.003688023930882854,0.003688023930882854,0.0021904531738064755,0.005185594692144957,0.0021904531738064755,0.005185594692144957,False,583747816
IPR,0.0006150672212544774,0.0006150672212544774,0.0005206053349405478,0.0007095291055987926,0.0005206053349405478,0.0007095291055987926,False,583747816
IPRL,0.003380469265991596,0.003380469265991596,0.0020137955330314767,0.004747143001776563,0.0020137955330314767,0.004747143001776563,False,583747816
IRN,2.8783159801562623e-05,2.8783159801562623e-05,3.2286962778946176e-05,2.5279641726215498e-05,3.2286962778946176e-05,2.5279641726215498e-05,False,583747816
ISN,5.568712933056145e-06,5.568712933056145e-06,4.969226103959804e-06,6.168199630051961e-06,4.969226103959804e-06,6.168199630051961e-06,False,583747816
IV,0.0012501900563214618,0.0012501900563214618,0.0008152921722575926,0.0016850879533257203,0.0008152921722575926,0.0016850879533257203,False,583747816
IVn,0.0005713569149960771,0.0005713569149960771,0.00026197753353125644,0.0008807362949673867,0.00026197753353125644,0.0008807362949673867,False,583747816
In,0.00040145545817535296,0.00040145545817535296,0.0004088336803327958,0.00039413345678550484,0.0004088336803327958,0.00039413345678550484,False,583747816
IntG,0.007408604887654305,0.007408604887654305,0.0034972497818711455,0.011319959950732948,0.0034972497818711455,0.011319959950732948,False,583747816
Isocortex,0.006380397309336876,0.006380397309336876,0.004284890016711072,0.008481699171758948,0.004284890016711072,0.008481699171758948,False,583747816
KF,0.00022978917335859575,0.00022978917335859575,0.00014688768280237576,0.0003126906617937443,0.00014688768280237576,0.0003126906617937443,False,583747816
LA,0.00018013630933586667,0.00018013630933586667,0.0001449103661586152,0.0002153622534822186,0.0001449103661586152,0.0002153622534822186,False,583747816
LAT,0.006288020780474658,0.006288020780474658,0.0025070429253754543,0.01006899863557386,0.0025070429253754543,0.01006899863557386,False,583747816
LAV,1.27673514790858e-05,1.27673514790858e-05,1.011038650736297e-05,1.5427667095170838e-05,1.011038650736297e-05,1.5427667095170838e-05,False,583747816
LC,0.00029958877504911386,0.00029958877504911386,0.00015032513210796433,0.0004488524185026179,0.00015032513210796433,0.0004488524185026179,False,583747816
LD,0.016898531813558864,0.016898531813558864,0.007673351733970496,0.026123711911478588,0.007673351733970496,0.026123711911478588,False,583747816
LDT,0.011512169314553282,0.011512169314553282,0.008320030008839421,0.014704308610772354,0.008320030008839421,0.014704308610772354,False,583747816
LGd,0.0003569657751889347,0.0003569657751889347,0.00011765602153392045,0.0005962755288439533,0.00011765602153392045,0.0005962755288439533,False,583747816
LGd-co,0.0005730589647068499,0.0005730589647068499,0.0001851302962726713,0.0009609876326775235,0.0001851302962726713,0.0009609876326775235,False,583747816
LGd-ip,5.8419629736110633e-05,5.8419629736110633e-05,2.0642168057264468e-05,9.619709264875103e-05,2.0642168057264468e-05,9.619709264875103e-05,False,583747816
LGd-sh,5.805903618051874e-05,5.805903618051874e-05,2.6077718551140997e-05,9.004035383846875e-05,2.6077718551140997e-05,9.004035383846875e-05,False,583747816
LGv,0.003030535510525604,0.003030535510525604,0.0010821122184225514,0.004978958792295787,0.0010821122184225514,0.004978958792295787,False,583747816
LH,0.006373786728254158,0.006373786728254158,0.0028961861745530905,0.009851387252383641,0.0028961861745530905,0.009851387252383641,False,583747816
LHA,0.0025682416007683606,0.0025682416007683606,0.0013527687160823651,0.00378371448902651,0.0013527687160823651,0.00378371448902651,False,583747816
LIN,2.0520835603151766e-05,2.0520835603151766e-05,2.2832748151318618e-05,1.8208922887641473e-05,2.2832748151318618e-05,1.8208922887641473e-05,False,583747816
LING,3.063139995053974e-05,3.063139995053974e-05,2.4681004724481033e-05,3.658179535504111e-05,2.4681004724481033e-05,3.658179535504111e-05,False,583747816
LM,0.0021208100174567425,0.0021208100174567425,0.0013567923318241683,0.0028848277001177294,0.0013567923318241683,0.0028848277001177294,False,583747816
LP,0.010914505175223507,0.010914505175223507,0.004711257893509867,0.01711775248620151,0.004711257893509867,0.01711775248620151,False,583747816
LPO,0.0013686779906200088,0.0013686779906200088,0.0006466725694452324,0.00209068341210637,0.0006466725694452324,0.00209068341210637,False,583747816
LRN,0.00025382345966494074,0.00025382345966494074,0.00024606604180205213,0.00026157486657706015,0.00024606604180205213,0.00026157486657706015,False,583747816
LRNm,0.0002301723930679675,0.0002301723930679675,0.00022954948005340779,0.00023078717705789773,0.00022954948005340779,0.00023078717705789773,False,583747816
LRNp,0.0004670708193971597,0.0004670708193971597,0.00039499794672260733,0.0005391436902801679,0.00039499794672260733,0.0005391436902801679,False,583747816
LS,0.0011862649736098722,0.0011862649736098722,0.0006546824324447942,0.001717811871082639,0.0006546824324447942,0.001717811871082639,False,583747816
LSX,0.0011129623372871439,0.0011129623372871439,0.0006188660028468093,0.001607030247403018,0.0006188660028468093,0.001607030247403018,False,583747816
LSc,0.00030693233804026125,0.00030693233804026125,0.00019430898186708422,0.00041955431237127516,0.00019430898186708422,0.00041955431237127516,False,583747816
LSr,0.0017632744318630952,0.0017632744318630952,0.0009871961043931088,0.002539270530836736,0.0009871961043931088,0.002539270530836736,False,583747816
LSv,0.0002153110801406567,0.0002153110801406567,5.3201657772736663e-05,0.0003774205049464894,5.3201657772736663e-05,0.0003774205049464894,False,583747816
LT,0.005196792970229274,0.005196792970229274,0.0020173496175031106,0.008376236331456687,0.0020173496175031106,0.008376236331456687,False,583747816
LZ,0.0077594455362807865,0.0077594455362807865,0.0037170912633073586,0.011801743560895668,0.0037170912633073586,0.011801743560895668,False,583747816
MA,0.00014036729601334875,0.00014036729601334875,0.00011188939045256272,0.00016884520180865747,0.00011188939045256272,0.00016884520180865747,False,583747816
MA3,0.005106664746937452,0.005106664746937452,0.003546025920810526,0.006667303573528892,0.003546025920810526,0.006667303573528892,False,583747816
MARN,0.000584786965875059,0.000584786965875059,0.0005252178097938303,0.000644356119476205,0.0005252178097938303,0.000644356119476205,False,583747816
MB,0.005674383072711907,0.005674383072711907,0.0029228789518846187,0.00842585687265568,0.0029228789518846187,0.00842585687265568,False,583747816
MBO,0.00492837855948262,0.00492837855948262,0.0039681883376317005,0.005888568781333536,0.0039681883376317005,0.005888568781333536,False,583747816
MBmot,0.007290230397022046,0.007290230397022046,0.0037024909295271915,0.010877958722852464,0.0037024909295271915,0.010877958722852464,False,583747816
MBsen,0.0002783849915104182,0.0002783849915104182,0.000139116789558925,0.00041764459821490996,0.000139116789558925,0.00041764459821490996,False,583747816
MBsta,0.002761189010502299,0.002761189010502299,0.0017807636136497663,0.003741614747047305,0.0017807636136497663,0.003741614747047305,False,583747816
MD,0.012290162742424877,0.012290162742424877,0.006159089497584325,0.018421235924357494,0.006159089497584325,0.018421235924357494,False,583747816
MDRN,0.00015067604094397765,0.00015067604094397765,0.00019671470610424017,0.00010463773732122783,0.00019671470610424017,0.00010463773732122783,False,583747816
MDRNd,0.0001523235230525297,0.0001523235230525297,0.00019510354392939717,0.00010954409144221782,0.00019510354392939717,0.00010954409144221782,False,583747816
MDRNv,0.00014871744344627547,0.00014871744344627547,0.0001986213716113175,9.881343202856019e-05,0.0001986213716113175,9.881343202856019e-05,False,583747816
ME,0.00107614162877729,0.00107614162877729,0.0010585834315443529,0.0010936998236212754,0.0010585834315443529,0.0010936998236212754,False,583747816
MEA,0.00011253115871930583,0.00011253115871930583,6.68117062118959e-05,0.00015825061116917375,6.68117062118959e-05,0.00015825061116917375,False,583747816
MED,0.012427190844913304,0.012427190844913304,0.007061231069153837,0.017793150620672774,0.007061231069153837,0.017793150620672774,False,583747816
MEPO,0.000286213387614075,0.000286213387614075,0.00024127596040939857,0.0003311508182973629,0.00024127596040939857,0.0003311508182973629,False,583747816
MEV,0.00013027457784101806,0.00013027457784101806,8.333376464584128e-05,0.00017721539120965448,8.333376464584128e-05,0.00017721539120965448,False,583747816
MEZ,0.004529506102806977,0.004529506102806977,0.0034739929171307615,0.005585019647865184,0.0034739929171307615,0.005585019647865184,False,583747816
MG,0.0010938560796440338,0.0010938560796440338,0.000450940168323533,0.0017367719909645405,0.000450940168323533,0.0017367719909645405,False,583747816
MGd,0.0003335522233967161,0.0003335522233967161,0.00024470119099460625,0.00042240325728415813,0.00024470119099460625,0.00042240325728415813,False,583747816
MGm,0.0024157624101432793,0.0024157624101432793,0.0008816122448259869,0.003949912562453979,0.0008816122448259869,0.003949912562453979,False,583747816
MGv,0.00037296721699518694,0.00037296721699518694,0.00019011472994327232,0.0005558197035784408,0.00019011472994327232,0.0005558197035784408,False,583747816
MH,0.00024107542355970165,0.00024107542355970165,0.00011991142169375054,0.0003622394233433847,0.00011991142169375054,0.0003622394233433847,False,583747816
MM,0.002762497516903098,0.002762497516903098,0.0022928642993766913,0.0032321307344295065,0.0022928642993766913,0.0032321307344295065,False,583747816
MMd,0.0014666244478912808,0.0014666244478912808,0.0013149523260922234,0.0016182965698983097,0.0013149523260922234,0.0016182965698983097,False,583747816
MMl,0.002016340145614256,0.002016340145614256,0.0014288647445543407,0.0026038155410804996,0.0014288647445543407,0.0026038155410804996,False,583747816
MMm,0.0035592355404793488,0.0035592355404793488,0.0029514941607605774,0.004166976901154937,0.0029514941607605774,0.004166976901154937,False,583747816
MMme,0.005612013163504604,0.005612013163504604,0.0051727248393499655,0.006051301489726332,0.0051727248393499655,0.006051301489726332,False,583747816
MMp,0.0009355065305045932,0.0009355065305045932,0.0009157340231450582,0.0009552790371440945,0.0009157340231450582,0.0009552790371440945,False,583747816
MO,0.0041980734578910385,0.0041980734578910385,0.0027165331368259756,0.005683025059329536,0.0027165331368259756,0.005683025059329536,False,583747816
MOB,5.988294938995442e-05,5.988294938995442e-05,5.429246324021653e-05,6.552140776770369e-05,5.429246324021653e-05,6.552140776770369e-05,False,583747816
MOp,0.0007691491572122066,0.0007691491572122066,0.0004923940468709763,0.001045902080756475,0.0004923940468709763,0.001045902080756475,False,583747816
MOp1,0.0011649921590978255,0.0011649921590978255,0.0008023838033326701,0.0015275910931150077,0.0008023838033326701,0.0015275910931150077,False,583747816
MOp2/3,0.00023898466092544404,0.00023898466092544404,0.0001687825208521431,0.00030918625500888427,0.0001687825208521431,0.00030918625500888427,False,583747816
MOp5,0.0003042598596667791,0.0003042598596667791,0.00019079565443741155,0.0004177233141745543,0.00019079565443741155,0.0004177233141745543,False,583747816
MOp6a,0.0016379125885310683,0.0016379125885310683,0.0009908958459225732,0.002284910823452049,0.0009908958459225732,0.002284910823452049,False,583747816
MOp6b,0.0032314541780756,0.0032314541780756,0.0023167089375396538,0.004146197166389203,0.0023167089375396538,0.004146197166389203,False,583747816
MOs,0.007188795455370716,0.007188795455370716,0.004672057199884492,0.009715866262580303,0.004672057199884492,0.009715866262580303,False,583747816
MOs1,0.010266754430922806,0.010266754430922806,0.007298066117972268,0.01324330589965082,0.007298066117972268,0.01324330589965082,False,583747816
MOs2/3,0.006285640935740609,0.006285640935740609,0.00435036676901951,0.008230730415086153,0.00435036676901951,0.008230730415086153,False,583747816
MOs5,0.006170352860062791,0.006170352860062791,0.003417709116615404,0.008937022690103625,0.003417709116615404,0.008937022690103625,False,583747816
MOs6a,0.007516620054415215,0.007516620054415215,0.004929316508993079,0.010109746032095251,0.004929316508993079,0.010109746032095251,False,583747816
MOs6b,0.008645789466081324,0.008645789466081324,0.006913163552379404,0.010379273374744145,0.006913163552379404,0.010379273374744145,False,583747816
MPN,0.00022015837049631066,0.00022015837049631066,4.6255432885251025e-05,0.00039406130514840835,4.6255432885251025e-05,0.00039406130514840835,False,583747816
MPO,0.0006788596491811097,0.0006788596491811097,0.00022129107910459343,0.0011364282263237786,0.00022129107910459343,0.0011364282263237786,False,583747816
MPT,0.004191403900068667,0.004191403900068667,0.001203233779400631,0.007179574030153798,0.001203233779400631,0.007179574030153798,False,583747816
MRN,0.0053977331756732425,0.0053977331756732425,0.002616862099833108,0.008178572424209461,0.002616862099833108,0.008178572424209461,False,583747816
MS,0.0008684466570501923,0.0008684466570501923,0.0005895303190049974,0.0011473629898204256,0.0005895303190049974,0.0011473629898204256,False,583747816
MSC,0.001654937521381607,0.001654937521381607,0.0009914666147804205,0.00231840889325316,0.0009914666147804205,0.00231840889325316,False,583747816
MT,0.004890483618369376,0.004890483618369376,0.0024709949205284523,0.007309972318698739,0.0024709949205284523,0.007309972318698739,False,583747816
MTN,0.010015265102512081,0.010015265102512081,0.00826668037649062,0.011763849828533544,0.00826668037649062,0.011763849828533544,False,583747816
MV,0.00010021948775692419,0.00010021948775692419,8.866737420111516e-05,0.00011177536620241673,8.866737420111516e-05,0.00011177536620241673,False,583747816
MY,0.00032756137689585033,0.00032756137689585033,0.0003166970014078838,0.0003384243406078491,0.0003166970014078838,0.0003384243406078491,False,583747816
MY-mot,0.00012039007454242837,0.00012039007454242837,0.00012411277607246671,0.00011666626333090893,0.00012411277607246671,0.00011666626333090893,False,583747816
MY-sat,0.002277572915127372,0.002277572915127372,0.0020042778802487763,0.002550867950005968,0.0020042778802487763,0.002550867950005968,False,583747816
MY-sen,4.5690517878571594e-05,4.5690517878571594e-05,5.140730169939558e-05,3.997420937622491e-05,5.140730169939558e-05,3.997420937622491e-05,False,583747816
NB,0.00021640411528597866,0.00021640411528597866,5.461974804665562e-05,0.00037818848346268824,5.461974804665562e-05,0.00037818848346268824,False,583747816
ND,0.00426813907239709,0.00426813907239709,0.0031396080055476417,0.005396670123814452,0.0031396080055476417,0.005396670123814452,False,583747816
NDB,0.0020962378502138034,0.0020962378502138034,0.0012169913435227996,0.0029754855216496826,0.0012169913435227996,0.0029754855216496826,False,583747816
NI,0.024798273874846483,0.024798273874846483,0.022892870475287087,0.026703677214407327,0.022892870475287087,0.026703677214407327,False,583747816
NLL,5.0461848851242935e-05,5.0461848851242935e-05,6.362771429269275e-05,3.729598339923872e-05,6.362771429269275e-05,3.729598339923872e-05,False,583747816
NLOT,7.325089003992786e-05,7.325089003992786e-05,6.34129086090961e-05,8.308887147075946e-05,6.34129086090961e-05,8.308887147075946e-05,False,583747816
NLOT1,0.000147028691476822,0.000147028691476822,0.00011860179561391848,0.00017545558776506926,0.00011860179561391848,0.00017545558776506926,False,583747816
NLOT2,3.185630976406383e-05,3.185630976406383e-05,3.979241570774301e-05,2.3920204096156704e-05,3.979241570774301e-05,2.3920204096156704e-05,False,583747816
NLOT3,3.8411383167989466e-05,3.8411383167989466e-05,1.8538768393519075e-05,5.828399809777435e-05,1.8538768393519075e-05,5.828399809777435e-05,False,583747816
NOD,2.1200491913983848e-05,2.1200491913983848e-05,2.298321800037615e-05,1.94177655999811e-05,2.298321800037615e-05,1.94177655999811e-05,False,583747816
NOT,0.00087853903056565,0.00087853903056565,0.0003345264152813747,0.0014225516439085625,0.0003345264152813747,0.0014225516439085625,False,583747816
NPC,0.02118445260716965,0.02118445260716965,0.010846561016901665,0.031522344074346696,0.010846561016901665,0.031522344074346696,False,583747816
NR,9.467391432778607e-05,9.467391432778607e-05,0.00010392003309774873,8.542779487826313e-05,0.00010392003309774873,8.542779487826313e-05,False,583747816
NTB,0.00023536618503064015,0.00023536618503064015,0.00011304948872150197,0.000357682880634089,0.00011304948872150197,0.000357682880634089,False,583747816
NTS,5.9171445680480625e-05,5.9171445680480625e-05,8.403504141196474e-05,3.4308095620203044e-05,8.403504141196474e-05,3.4308095620203044e-05,False,583747816
OLF,0.0003086223921285951,0.0003086223921285951,0.00024439673153923855,0.0003729785185050913,0.00024439673153923855,0.0003729785185050913,False,583747816
OP,0.002591733335271923,0.002591733335271923,0.0006451914974225413,0.004538275167684495,0.0006451914974225413,0.004538275167684495,False,583747816
ORB,0.00991170793011252,0.00991170793011252,0.007680008192073446,0.012143388573289431,0.007680008192073446,0.012143388573289431,False,583747816
ORBl,0.0035260698961103345,0.0035260698961103345,0.002726384149128931,0.004325751452040539,0.002726384149128931,0.004325751452040539,False,583747816
ORBl1,0.006240421226802863,0.006240421226802863,0.0046142822516855005,0.0078665618361621,0.0046142822516855005,0.0078665618361621,False,583747816
ORBl2/3,0.00312586514791376,0.00312586514791376,0.0021975518972107023,0.004054178192935779,0.0021975518972107023,0.004054178192935779,False,583747816
ORBl5,0.0022636414457187348,0.0022636414457187348,0.0017681419163358188,0.002759139558655074,0.0017681419163358188,0.002759139558655074,False,583747816
ORBl6a,0.004493895232352055,0.004493895232352055,0.0037885794927378794,0.005199210974473137,0.0037885794927378794,0.005199210974473137,False,583747816
ORBl6b,0.010106889921909319,0.010106889921909319,0.008796632221073238,0.011417147591452403,0.008796632221073238,0.011417147591452403,False,583747816
ORBm,0.015387560181478688,0.015387560181478688,0.012445416251350318,0.01832970224596864,0.012445416251350318,0.01832970224596864,False,583747816
ORBm1,0.017597921570920858,0.017597921570920858,0.015081399360151381,0.02011444376340725,0.015081399360151381,0.02011444376340725,False,583747816
ORBm2/3,0.01500050218899497,0.01500050218899497,0.011818856624281941,0.018182147737133746,0.011818856624281941,0.018182147737133746,False,583747816
ORBm5,0.013086871711231159,0.013086871711231159,0.01047016458650825,0.01570357870694697,0.01047016458650825,0.01570357870694697,False,583747816
ORBm6a,0.016958581780069995,0.016958581780069995,0.012621266825938022,0.02129582840233541,0.012621266825938022,0.02129582840233541,False,583747816
ORBm6b,0.010828378010593736,0.010828378010593736,0.008953723761937676,0.012703032181887765,0.008953723761937676,0.012703032181887765,False,583747816
ORBvl,0.015403665738486078,0.015403665738486078,0.011532767446576645,0.019274547128958538,0.011532767446576645,0.019274547128958538,False,583747816
ORBvl1,0.02237792984721916,0.02237792984721916,0.017517722731160305,0.02723812863294814,0.017517722731160305,0.02723812863294814,False,583747816
ORBvl2/3,0.013999292070042784,0.013999292070042784,0.01019100426607223,0.017807577677449355,0.01019100426607223,0.017807577677449355,False,583747816
ORBvl5,0.01283219851878023,0.01283219851878023,0.009323237571798723,0.016341159898883167,0.009323237571798723,0.016341159898883167,False,583747816
ORBvl6a,0.013885585023699513,0.013885585023699513,0.010498769014676593,0.01727240103821793,0.010498769014676593,0.01727240103821793,False,583747816
ORBvl6b,0.01599456817498616,0.01599456817498616,0.0129829984727187,0.019006137947279303,0.0129829984727187,0.019006137947279303,False,583747816
OT,0.00020134258467737712,0.00020134258467737712,0.00015725110367961612,0.00024543250243728255,0.00015725110367961612,0.00024543250243728255,False,583747816
OV,7.625035704076169e-05,7.625035704076169e-05,8.840044525094493e-05,6.410026890699277e-05,8.840044525094493e-05,6.410026890699277e-05,False,583747816
P,0.0035539125683736014,0.0035539125683736014,0.0025917597212784115,0.004516065939836574,0.0025917597212784115,0.004516065939836574,False,583747816
P-mot,0.0034116579488135353,0.0034116579488135353,0.0023897246488900283,0.004433592071539147,0.0023897246488900283,0.004433592071539147,False,583747816
P-sat,0.008840209639529759,0.008840209639529759,0.0064005993507304775,0.011279815755030367,0.0064005993507304775,0.011279815755030367,False,583747816
P-sen,7.978776949762431e-05,7.978776949762431e-05,6.343526867580375e-05,9.614020617644961e-05,6.343526867580375e-05,9.614020617644961e-05,False,583747816
P5,9.191860481279422e-05,9.191860481279422e-05,4.96710724176782e-05,0.00013416613706494453,4.96710724176782e-05,0.00013416613706494453,False,583747816
PA,1.1125288936152957e-05,1.1125288936152957e-05,8.091380716997598e-06,1.4159300688097628e-05,8.091380716997598e-06,1.4159300688097628e-05,False,583747816
PAA,5.836887893202376e-05,5.836887893202376e-05,6.318396072080007e-05,5.355264927797401e-05,6.318396072080007e-05,5.355264927797401e-05,False,583747816
PAG,0.00969058770346914,0.00969058770346914,0.005680476318146782,0.01370069323614924,0.005680476318146782,0.01370069323614924,False,583747816
PAL,0.001385782764042215,0.001385782764042215,0.0007156767638465622,0.002055891070939829,0.0007156767638465622,0.002055891070939829,False,583747816
PALc,0.0005391906446176183,0.0005391906446176183,0.00022026724627973118,0.0008581137281777365,0.00022026724627973118,0.0008581137281777365,False,583747816
PALd,0.0015391231267255084,0.0015391231267255084,0.0008682714002897988,0.0022099747909670128,0.0008682714002897988,0.0022099747909670128,False,583747816
PALm,0.0013512099933972745,0.0013512099933972745,0.000815268362697429,0.0018871518925821314,0.000815268362697429,0.0018871518925821314,False,583747816
PALv,0.0004117419330149483,0.0004117419330149483,0.00019599203746073268,0.0006274922845689578,0.00019599203746073268,0.0006274922845689578,False,583747816
PAR,0.0006542810981185825,0.0006542810981185825,0.00044388505372423685,0.0008646771056325327,0.00044388505372423685,0.0008646771056325327,False,583747816
PARN,5.8858030030169294e-05,5.8858030030169294e-05,7.713568628588282e-05,4.057667943607037e-05,7.713568628588282e-05,4.057667943607037e-05,False,583747816
PAS,0.00016275929072501105,0.00016275929072501105,0.0002229202200418936,0.00010259836106063435,0.0002229202200418936,0.00010259836106063435,False,583747816
PB,0.00015557583913154198,0.00015557583913154198,8.725071185003192e-05,0.00022390096584126354,8.725071185003192e-05,0.00022390096584126354,False,583747816
PBG,0.0004210427143253105,0.0004210427143253105,9.451132080454798e-05,0.0007475741076833418,9.451132080454798e-05,0.0007475741076833418,False,583747816
PC5,0.00024329277322603248,0.00024329277322603248,0.00022838450021069113,0.0002582010458809142,0.00022838450021069113,0.0002582010458809142,False,583747816
PCG,0.012640529708363232,0.012640529708363232,0.010546898332020016,0.014734161076738427,0.010546898332020016,0.014734161076738427,False,583747816
PCN,0.0041522303941429,0.0041522303941429,0.002168996748654224,0.0061354640581227585,0.002168996748654224,0.0061354640581227585,False,583747816
PD,0.0002944162690414854,0.0002944162690414854,9.109906511862344e-05,0.0004977334718597687,9.109906511862344e-05,0.0004977334718597687,False,583747816
PDTg,0.007772377065960187,0.007772377065960187,0.006628734627709333,0.008916019493757943,0.006628734627709333,0.008916019493757943,False,583747816
PERI,0.0013282690838102046,0.0013282690838102046,0.0012452797676421078,0.0014112583999783,0.0012452797676421078,0.0014112583999783,False,583747816
PERI1,0.0007213563446570619,0.0007213563446570619,0.0004311493561910884,0.0010115633332103584,0.0004311493561910884,0.0010115633332103584,False,583747816
PERI2/3,0.0009847048456853031,0.0009847048456853031,0.0008299296127603831,0.001139480078888293,0.0008299296127603831,0.001139480078888293,False,583747816
PERI5,0.002279370474967775,0.002279370474967775,0.0023011764344506754,0.002257564526249332,0.0023011764344506754,0.002257564526249332,False,583747816
PERI6a,0.0029041648785226803,0.0029041648785226803,0.0035438339728105866,0.002264495774886048,0.0035438339728105866,0.002264495774886048,False,583747816
PERI6b,0.0016067718689871835,0.0016067718689871835,0.002525537808099457,0.0006880059364011217,0.002525537808099457,0.0006880059364011217,False,583747816
PF,0.008684852015993774,0.008684852015993774,0.004213032425029752,0.013156671596472755,0.004213032425029752,0.013156671596472755,False,583747816
PFL,8.553894118410302e-05,8.553894118410302e-05,5.967989114554722e-05,0.00011139830029169022,5.967989114554722e-05,0.00011139830029169022,False,583747816
PG,0.006541901522989277,0.006541901522989277,0.003798994019225171,0.009284807171736227,0.003798994019225171,0.009284807171736227,False,583747816
PGRN,0.00017983911978027183,0.00017983911978027183,0.0001940399383983135,0.00016563240057423717,0.0001940399383983135,0.00016563240057423717,False,583747816
PGRNd,9.010519901779926e-05,9.010519901779926e-05,8.484347650354006e-05,9.537836682946982e-05,8.484347650354006e-05,9.537836682946982e-05,False,583747816
PGRNl,0.00021011841109469054,0.00021011841109469054,0.0002309649164315603,0.00018927190551027752,0.0002309649164315603,0.00018927190551027752,False,583747816
PH,0.01354990206949201,0.01354990206949201,0.010511863913267014,0.016587940301599064,0.010511863913267014,0.016587940301599064,False,583747816
PHY,0.0004713630368758111,0.0004713630368758111,0.0003913149297815987,0.0005514111470427432,0.0003913149297815987,0.0005514111470427432,False,583747816
PIL,0.0019510380625511702,0.0019510380625511702,0.0006849371368812714,0.0032171389948699304,0.0006849371368812714,0.0032171389948699304,False,583747816
PIR,0.000164471588081056,0.000164471588081056,0.00015915089115811163,0.00016979133748154957,0.00015915089115811163,0.00016979133748154957,False,583747816
PL,0.019532096464972434,0.019532096464972434,0.013786242276648654,0.02531468600468032,0.013786242276648654,0.02531468600468032,False,583747816
PL1,0.01912637870942035,0.01912637870942035,0.015428770632368837,0.022833724484640074,0.015428770632368837,0.022833724484640074,False,583747816
PL2/3,0.018396536069381256,0.018396536069381256,0.01455446984773236,0.02226666403213155,0.01455446984773236,0.02226666403213155,False,583747816
PL5,0.018598686487986973,0.018598686487986973,0.012174081872539938,0.025095424303598533,0.012174081872539938,0.025095424303598533,False,583747816
PL6a,0.0230270853344214,0.0230270853344214,0.014645192869482683,0.031419472045530146,0.014645192869482683,0.031419472045530146,False,583747816
PL6b,0.0187284668351151,0.0187284668351151,0.013087795964455945,0.024368483214531927,0.013087795964455945,0.024368483214531927,False,583747816
PMd,0.005361071345644697,0.005361071345644697,0.004643319018335976,0.006078823673068817,0.004643319018335976,0.006078823673068817,False,583747816
PMv,0.00026482726178801437,0.00026482726178801437,0.00015427166515833606,0.00037538285666713545,0.00015427166515833606,0.00037538285666713545,False,583747816
PN,0.00358181417185881,0.00358181417185881,0.0011413588952482686,0.006022269465248427,0.0011413588952482686,0.006022269465248427,False,583747816
PO,0.0025845928791174864,0.0025845928791174864,0.000850928532865598,0.004318257234753573,0.000850928532865598,0.004318257234753573,False,583747816
POL,0.004191461516005495,0.004191461516005495,0.0014227766474551617,0.006960146401685609,0.0014227766474551617,0.006960146401685609,False,583747816
POR,4.702638064362873e-05,4.702638064362873e-05,5.8629386059627663e-05,3.542337522446089e-05,5.8629386059627663e-05,3.542337522446089e-05,False,583747816
POST,0.00215452258883021,0.00215452258883021,0.0014356716373192333,0.002873366924102923,0.0014356716373192333,0.002873366924102923,False,583747816
PP,0.0020075084846349917,0.0020075084846349917,0.0006992173479415488,0.003315799614060856,0.0006992173479415488,0.003315799614060856,False,583747816
PPN,0.002452690497100879,0.002452690497100879,0.001373469380130542,0.0035319116144500585,0.001373469380130542,0.0035319116144500585,False,583747816
PPT,0.0084773308941786,0.0084773308941786,0.003119832622402447,0.013834829140886375,0.003119832622402447,0.013834829140886375,False,583747816
PPY,0.00040822581036705305,0.00040822581036705305,0.0003846029359655027,0.00043184868440187244,0.0003846029359655027,0.00043184868440187244,False,583747816
PR,0.026044013415114507,0.026044013415114507,0.017182641362097868,0.03490538542641831,0.017182641362097868,0.03490538542641831,False,583747816
PRC,0.01520636959051619,0.01520636959051619,0.009139081610139568,0.021273657577540333,0.009139081610139568,0.021273657577540333,False,583747816
PRE,0.0005020474121582749,0.0005020474121582749,0.00044659788298277074,0.0005574965283228838,0.00044659788298277074,0.0005574965283228838,False,583747816
PRM,4.308902944363609e-05,4.308902944363609e-05,5.001400267940652e-05,3.616445555615493e-05,5.001400267940652e-05,3.616445555615493e-05,False,583747816
PRNc,0.0007931795646727431,0.0007931795646727431,0.0006357724820777572,0.0009505866654027908,0.0006357724820777572,0.0009505866654027908,False,583747816
PRNr,0.005743639255424792,0.005743639255424792,0.0034256441220674016,0.008061632606877896,0.0034256441220674016,0.008061632606877896,False,583747816
PRP,0.0005176577128934667,0.0005176577128934667,0.0004266354414699916,0.0006086799876666094,0.0004266354414699916,0.0006086799876666094,False,583747816
PRT,0.009211825625522746,0.009211825625522746,0.004100340030846293,0.014323311220199196,0.004100340030846293,0.014323311220199196,False,583747816
PS,0.00023371227439537102,0.00023371227439537102,8.065475121749376e-05,0.0003867697938276307,8.065475121749376e-05,0.0003867697938276307,False,583747816
PST,0.002752002782432421,0.002752002782432421,0.0010321970433819544,0.0044718085170553454,0.0010321970433819544,0.0044718085170553454,False,583747816
PSTN,0.0024034030268900958,0.0024034030268900958,0.000940982480554293,0.0038658235802326787,0.000940982480554293,0.0038658235802326787,False,583747816
PSV,5.3238767635638344e-05,5.3238767635638344e-05,4.68758890589794e-05,5.960164602119851e-05,4.68758890589794e-05,5.960164602119851e-05,False,583747816
PT,0.005904436181716533,0.005904436181716533,0.0038414493238645626,0.007967423029542184,0.0038414493238645626,0.007967423029542184,False,583747816
PTLp,0.0062776809168032756,0.0062776809168032756,0.0038404027458848597,0.008714723322628385,0.0038404027458848597,0.008714723322628385,False,583747816
PVH,0.0005294579358326939,0.0005294579358326939,0.0004742349346678438,0.0005846809319608621,0.0004742349346678438,0.0005846809319608621,False,583747816
PVHd,0.005792269271044091,0.005792269271044091,0.004278888341254238,0.007305650201904717,0.004278888341254238,0.007305650201904717,False,583747816
PVR,0.00045260626834617035,0.00045260626834617035,0.0002128645631065375,0.0006923478985679005,0.0002128645631065375,0.0006923478985679005,False,583747816
PVT,0.002454991261100278,0.002454991261100278,0.001825186761193887,0.003084795761320502,0.001825186761193887,0.003084795761320502,False,583747816
PVZ,0.000475462923002138,0.000475462923002138,0.0003904479944520435,0.0005604778515522313,0.0003904479944520435,0.0005604778515522313,False,583747816
PVa,3.476649330754669e-05,3.476649330754669e-05,1.88795001739074e-05,5.0653486995956715e-05,1.88795001739074e-05,5.0653486995956715e-05,False,583747816
PVi,0.0006307002162153906,0.0006307002162153906,0.0005591898781485649,0.0007022105505838462,0.0005591898781485649,0.0007022105505838462,False,583747816
PVp,0.00020315254361992336,0.00020315254361992336,0.00021613684295473612,0.00019016824399189833,0.00021613684295473612,0.00019016824399189833,False,583747816
PVpo,6.440469101927244e-05,6.440469101927244e-05,3.574096765701709e-05,9.306843258534025e-05,3.574096765701709e-05,9.306843258534025e-05,False,583747816
PYR,2.172801540052015e-06,2.172801540052015e-06,1.970304767290063e-06,2.3752090037180797e-06,1.970304767290063e-06,2.3752090037180797e-06,False,583747816
Pa4,0.0006839522780114195,0.0006839522780114195,0.000346216071351878,0.0010216884876961298,0.000346216071351878,0.0010216884876961298,False,583747816
Pa5,0.0003758485123292114,0.0003758485123292114,0.0003658266655562298,0.00038587036216413166,0.0003658266655562298,0.00038587036216413166,False,583747816
PeF,0.004014440865507016,0.004014440865507016,0.0022001026023379298,0.0058287791255737425,0.0022001026023379298,0.0058287791255737425,False,583747816
PoT,0.00533852126067877,0.00533852126067877,0.001954810497608366,0.008722232028946135,0.001954810497608366,0.008722232028946135,False,583747816
ProS,4.910739477997058e-05,4.910739477997058e-05,2.019189283714069e-05,7.802289658635523e-05,2.019189283714069e-05,7.802289658635523e-05,False,583747816
RAmb,0.0032975499126916274,0.0032975499126916274,0.0024070997066415935,0.00418800011874166,0.0024070997066415935,0.00418800011874166,False,583747816
RCH,0.0002289761279993868,0.0002289761279993868,7.80705642087317e-05,0.00037988168859247144,7.80705642087317e-05,0.00037988168859247144,False,583747816
RE,0.017898013430990917,0.017898013430990917,0.014988814907085772,0.020807211991405256,0.014988814907085772,0.020807211991405256,False,583747816
RH,0.014667638568887097,0.014667638568887097,0.01337007992252657,0.015965197230434994,0.01337007992252657,0.015965197230434994,False,583747816
RHP,0.000563053367248047,0.000563053367248047,0.0004889854083245063,0.0006371210415222628,0.0004889854083245063,0.0006371210415222628,False,583747816
RL,0.0016706346404857866,0.0016706346404857866,0.0012894176532666673,0.0020518516322567733,0.0012894176532666673,0.0020518516322567733,False,583747816
RM,0.002299407062004088,0.002299407062004088,0.0020126435111595662,0.002586170618462624,0.0020126435111595662,0.002586170618462624,False,583747816
RN,0.002983020502259805,0.002983020502259805,0.0016731839380153446,0.004292857080202308,0.0016731839380153446,0.004292857080202308,False,583747816
RO,0.00054184926146286,0.00054184926146286,0.0005683146076906585,0.0005153839160199749,0.0005683146076906585,0.0005153839160199749,False,583747816
RPA,0.0032812429996414553,0.0032812429996414553,0.0028516367102148004,0.003710849287184374,0.0028516367102148004,0.003710849287184374,False,583747816
RPF,0.016949246140622414,0.016949246140622414,0.007561935931890224,0.02633655641339013,0.007561935931890224,0.02633655641339013,False,583747816
RPO,0.014569013408699987,0.014569013408699987,0.012946536297025019,0.01619149051176535,0.012946536297025019,0.01619149051176535,False,583747816
RR,0.0017657666491192273,0.0017657666491192273,0.0009785191353070652,0.00255301416088268,0.0009785191353070652,0.00255301416088268,False,583747816
RSP,0.011990284472620029,0.011990284472620029,0.007841127207455154,0.01613920079406873,0.007841127207455154,0.01613920079406873,False,583747816
RSPagl,0.014241649877707206,0.014241649877707206,0.008718346313413654,0.01976441971026981,0.008718346313413654,0.01976441971026981,False,583747816
RSPagl1,0.014472220523625911,0.014472220523625911,0.008133688088818458,0.02081039722267238,0.008133688088818458,0.02081039722267238,False,583747816
RSPagl2/3,0.00958725484219006,0.00958725484219006,0.00629001120283701,0.012884321013027403,0.00629001120283701,0.012884321013027403,False,583747816
RSPagl5,0.012420655958035175,0.012420655958035175,0.007297362912798153,0.017543510407753756,0.007297362912798153,0.017543510407753756,False,583747816
RSPagl6a,0.02365695471849626,0.02365695471849626,0.015098689713749197,0.032215066416403454,0.015098689713749197,0.032215066416403454,False,583747816
RSPagl6b,0.02747289870237558,0.02747289870237558,0.018473207976492854,0.03647253313128667,0.018473207976492854,0.03647253313128667,False,583747816
RSPd,0.0134558319127526,0.0134558319127526,0.008715405590767647,0.018196162192077755,0.008715405590767647,0.018196162192077755,False,583747816
RSPd1,0.016162663570741847,0.016162663570741847,0.010311626592765041,0.022013847204015738,0.010311626592765041,0.022013847204015738,False,583747816
RSPd2/3,0.009602168246681175,0.009602168246681175,0.0064514305525857525,0.012752697461031928,0.0064514305525857525,0.012752697461031928,False,583747816
RSPd5,0.011218438232700374,0.011218438232700374,0.007086330391854116,0.015350373220406523,0.007086330391854116,0.015350373220406523,False,583747816
RSPd6a,0.018550264611671773,0.018550264611671773,0.012113356457030839,0.02498708510713021,0.012113356457030839,0.02498708510713021,False,583747816
RSPd6b,0.024273206513799127,0.024273206513799127,0.017268093169454945,0.03127835067646663,0.017268093169454945,0.03127835067646663,False,583747816
RSPv,0.009488644893172837,0.009488644893172837,0.00660137237189731,0.012375923981869487,0.00660137237189731,0.012375923981869487,False,583747816
RSPv1,0.011763503437943036,0.011763503437943036,0.008465142382231967,0.015061864775297083,0.008465142382231967,0.015061864775297083,False,583747816
RSPv2/3,0.00537548607673405,0.00537548607673405,0.0040583919170569345,0.006692583964417516,0.0040583919170569345,0.006692583964417516,False,583747816
RSPv5,0.008397301368555002,0.008397301368555002,0.005452629556505262,0.01134198470018779,0.005452629556505262,0.01134198470018779,False,583747816
RSPv6a,0.014507247011343342,0.014507247011343342,0.010152464266151153,0.018862069070983475,0.010152464266151153,0.018862069070983475,False,583747816
RSPv6b,0.02051334621992955,0.02051334621992955,0.014800372737801897,0.026226396729693322,0.014800372737801897,0.026226396729693322,False,583747816
RT,0.009188534118374319,0.009188534118374319,0.003561210427449401,0.014815857848430003,0.003561210427449401,0.014815857848430003,False,583747816
SAG,0.002775422796529398,0.002775422796529398,0.0010919656122520412,0.004458879957929097,0.0010919656122520412,0.004458879957929097,False,583747816
SBPV,0.0002444254840913432,0.0002444254840913432,0.0001035893194077316,0.0003852616504520817,0.0001035893194077316,0.0003852616504520817,False,583747816
SCH,3.166693830283857e-05,3.166693830283857e-05,2.6371808023785528e-05,3.696206865384431e-05,2.6371808023785528e-05,3.696206865384431e-05,False,583747816
SCO,0.0005344670946547887,0.0005344670946547887,0.00045687807743241223,0.0006120561090160825,0.00045687807743241223,0.0006120561090160825,False,583747816
SCdg,0.010732768370943337,0.010732768370943337,0.005342786830530606,0.01612274591466547,0.005342786830530606,0.01612274591466547,False,583747816
SCdw,0.01144804215765925,0.01144804215765925,0.006147070642152325,0.01674899075509016,0.006147070642152325,0.01674899075509016,False,583747816
SCig,0.007983622873463265,0.007983622873463265,0.003753394450066076,0.012213858060405468,0.003753394450066076,0.012213858060405468,False,583747816
SCiw,0.010365574145073051,0.010365574145073051,0.00477447203889704,0.015956671513037025,0.00477447203889704,0.015956671513037025,False,583747816
SCm,0.009647834677432474,0.009647834677432474,0.004606746797541533,0.014688922042366962,0.004606746797541533,0.014688922042366962,False,583747816
SCop,0.001385115717630502,0.001385115717630502,0.000659625547811563,0.002110608244039841,0.000659625547811563,0.002110608244039841,False,583747816
SCs,0.0005569482098505889,0.0005569482098505889,0.0003078897113261,0.0008060067807358137,0.0003078897113261,0.0008060067807358137,False,583747816
SCsg,0.00015640934045485903,0.00015640934045485903,0.00010879806020151979,0.00020402048423657924,0.00010879806020151979,0.00020402048423657924,False,583747816
SCzo,0.0003624919561080568,0.0003624919561080568,0.0003178127006304397,0.0004071710718088813,0.0003178127006304397,0.0004071710718088813,False,583747816
SEZ,0.006902043454739333,0.006902043454739333,0.004856383876567965,0.008947702727785625,0.004856383876567965,0.008947702727785625,False,583747816
SF,0.0005544583573849594,0.0005544583573849594,0.0003321039893161838,0.0007768127234966697,0.0003321039893161838,0.0007768127234966697,False,583747816
SFO,0.00034906580483009376,0.00034906580483009376,0.0003230386549535178,0.00037509295343744146,0.0003230386549535178,0.00037509295343744146,False,583747816
SG,0.0063296547828879165,0.0063296547828879165,0.005872585067078026,0.006786724488171445,0.005872585067078026,0.006786724488171445,False,583747816
SGN,0.0009130427023623167,0.0009130427023623167,0.0002781834347641334,0.0015479019723545868,0.0002781834347641334,0.0015479019723545868,False,583747816
SH,0.0022283085993614906,0.0022283085993614906,0.0013445065790889576,0.00311209500468596,0.0013445065790889576,0.00311209500468596,False,583747816
SI,0.00044439867551340057,0.00044439867551340057,0.00020611276123907662,0.0006826851419590042,0.00020611276123907662,0.0006826851419590042,False,583747816
SIM,1.3480693715813837e-05,1.3480693715813837e-05,1.544055578139542e-05,1.1520831683548168e-05,1.544055578139542e-05,1.1520831683548168e-05,False,583747816
SLC,0.0016511239895044938,0.0016511239895044938,0.0012942377388369152,0.0020080102429917445,0.0012942377388369152,0.0020080102429917445,False,583747816
SLD,0.010140557726005039,0.010140557726005039,0.009053722360918687,0.011227393134736191,0.009053722360918687,0.011227393134736191,False,583747816
SMT,0.012500444054967063,0.012500444054967063,0.009467502474832376,0.015533385594175985,0.009467502474832376,0.015533385594175985,False,583747816
SNc,0.002161092582780142,0.002161092582780142,0.0012933802455281412,0.0030288049129235236,0.0012933802455281412,0.0030288049129235236,False,583747816
SNr,0.0014722622081641277,0.0014722622081641277,0.000578447348270077,0.002366077067376825,0.000578447348270077,0.002366077067376825,False,583747816
SO,0.001437501076666791,0.001437501076666791,0.0005884698758350916,0.002286532269618041,0.0005884698758350916,0.002286532269618041,False,583747816
SOC,4.148745660897498e-05,4.148745660897498e-05,5.393618191963509e-05,2.9038731298315485e-05,5.393618191963509e-05,2.9038731298315485e-05,False,583747816
SOCl,4.218431802166921e-05,4.218431802166921e-05,5.682167072762015e-05,2.7546965259654196e-05,5.682167072762015e-05,2.7546965259654196e-05,False,583747816
SOCm,2.9899828908993856e-05,2.9899828908993856e-05,4.015008943746023e-05,1.964956833953369e-05,4.015008943746023e-05,1.964956833953369e-05,False,583747816
SPA,0.011697549629013081,0.011697549629013081,0.009314796471851733,0.014080302752752908,0.009314796471851733,0.014080302752752908,False,583747816
SPF,0.013992557660491109,0.013992557660491109,0.0065036853020856876,0.021481430018896526,0.0065036853020856876,0.021481430018896526,False,583747816
SPFm,0.01467747713458317,0.01467747713458317,0.009021558500176908,0.020333395752071593,0.009021558500176908,0.020333395752071593,False,583747816
SPFp,0.013636822766378297,0.013636822766378297,0.0051959469884177946,0.022077698603405166,0.0051959469884177946,0.022077698603405166,False,583747816
SPIV,6.0969251120175874e-05,6.0969251120175874e-05,7.390097162364949e-05,4.803816957681222e-05,7.390097162364949e-05,4.803816957681222e-05,False,583747816
SPVC,9.536655198810115e-06,9.536655198810115e-06,1.4216926735521923e-05,4.856384736416777e-06,1.4216926735521923e-05,4.856384736416777e-06,False,583747816
SPVI,1.526566029803349e-05,1.526566029803349e-05,2.1056135527513775e-05,9.475185116164452e-06,2.1056135527513775e-05,9.475185116164452e-06,False,583747816
SPVO,1.9128663506898743e-05,1.9128663506898743e-05,2.538056949798162e-05,1.2876757427403908e-05,2.538056949798162e-05,1.2876757427403908e-05,False,583747816
SS,0.0004786966271015667,0.0004786966271015667,0.0003104030863082805,0.0006469782925550236,0.0003104030863082805,0.0006469782925550236,False,583747816
SSp,0.0005588112645854783,0.0005588112645854783,0.00034940482159515724,0.0007681957349906354,0.00034940482159515724,0.0007681957349906354,False,583747816
SSp-bfd,0.000834948349697655,0.000834948349697655,0.0004448125512889923,0.0012250843495415365,0.0004448125512889923,0.0012250843495415365,False,583747816
SSp-bfd1,0.0030756769778602835,0.0030756769778602835,0.001212589418820013,0.004938764527375747,0.001212589418820013,0.004938764527375747,False,583747816
SSp-bfd2/3,0.00023971525130800795,0.00023971525130800795,0.00013359944643726447,0.00034583105859892454,0.00013359944643726447,0.00034583105859892454,False,583747816
SSp-bfd4,7.345349264711419e-05,7.345349264711419e-05,4.396895977053781e-05,0.00010293802545518253,4.396895977053781e-05,0.00010293802545518253,False,583747816
SSp-bfd5,0.00026681482025432544,0.00026681482025432544,0.0001343427709860926,0.0003992868679793194,0.0001343427709860926,0.0003992868679793194,False,583747816
SSp-bfd6a,0.001064681656767257,0.001064681656767257,0.0007444771197183917,0.0013848861935587594,0.0007444771197183917,0.0013848861935587594,False,583747816
SSp-bfd6b,0.0034675512823212004,0.0034675512823212004,0.002680552994225702,0.004254549559995123,0.002680552994225702,0.004254549559995123,False,583747816
SSp-ll,0.0010515981322091925,0.0010515981322091925,0.0006590004019072033,0.0014438662155339486,0.0006590004019072033,0.0014438662155339486,False,583747816
SSp-ll1,0.000943538757689585,0.000943538757689585,0.0005293821603815058,0.0013569723437196134,0.0005293821603815058,0.0013569723437196134,False,583747816
SSp-ll2/3,8.024198066322694e-05,8.024198066322694e-05,7.345792698185065e-05,8.700945244730112e-05,7.345792698185065e-05,8.700945244730112e-05,False,583747816
SSp-ll4,3.41157340865659e-05,3.41157340865659e-05,3.804394079081984e-05,3.0187527669599334e-05,3.804394079081984e-05,3.0187527669599334e-05,False,583747816
SSp-ll5,8.390119658269418e-05,8.390119658269418e-05,7.105108172350801e-05,9.674966641093417e-05,7.105108172350801e-05,9.674966641093417e-05,False,583747816
SSp-ll6a,0.0030700348194665143,0.0030700348194665143,0.0018544443548178385,0.004285604052142214,0.0018544443548178385,0.004285604052142214,False,583747816
SSp-ll6b,0.009261947206955938,0.009261947206955938,0.006319291942715569,0.012204621302014015,0.006319291942715569,0.012204621302014015,False,583747816
SSp-m,9.656323587261414e-05,9.656323587261414e-05,0.00010879290588658406,8.43335650165962e-05,0.00010879290588658406,8.43335650165962e-05,False,583747816
SSp-m1,0.0004906951116743646,0.0004906951116743646,0.0005319111355206541,0.00044947905362081213,0.0005319111355206541,0.00044947905362081213,False,583747816
SSp-m2/3,1.3331634110309217e-05,1.3331634110309217e-05,1.8047433105868923e-05,8.615835216954413e-06,1.8047433105868923e-05,8.615835216954413e-06,False,583747816
SSp-m4,1.6404523468206123e-05,1.6404523468206123e-05,1.8517019288076357e-05,1.4292027498379924e-05,1.8517019288076357e-05,1.4292027498379924e-05,False,583747816
SSp-m5,1.5084904612200042e-05,1.5084904612200042e-05,1.800528156327647e-05,1.2164527810917662e-05,1.800528156327647e-05,1.2164527810917662e-05,False,583747816
SSp-m6a,4.454660124760463e-05,4.454660124760463e-05,4.931900414888629e-05,3.977419848493062e-05,4.931900414888629e-05,3.977419848493062e-05,False,583747816
SSp-m6b,0.0007799968765962975,0.0007799968765962975,0.000983631979613658,0.0005763617714909332,0.000983631979613658,0.0005763617714909332,False,583747816
SSp-n,9.690760033039177e-05,9.690760033039177e-05,0.00010024199282216648,9.356825474665211e-05,0.00010024199282216648,9.356825474665211e-05,False,583747816
SSp-n1,0.0005527821046318556,0.0005527821046318556,0.0005558224982450252,0.000549732570815988,0.0005558224982450252,0.000549732570815988,False,583747816
SSp-n2/3,1.9103910350019095e-05,1.9103910350019095e-05,2.322044508256615e-05,1.4987376078388673e-05,2.322044508256615e-05,1.4987376078388673e-05,False,583747816
SSp-n4,1.682578618239943e-05,1.682578618239943e-05,1.9074106229013047e-05,1.4577466120555117e-05,1.9074106229013047e-05,1.4577466120555117e-05,False,583747816
SSp-n5,1.4673291749632472e-05,1.4673291749632472e-05,1.4309877534669931e-05,1.503670579225267e-05,1.4309877534669931e-05,1.503670579225267e-05,False,583747816
SSp-n6a,4.1877908681688114e-05,4.1877908681688114e-05,4.764924748694353e-05,3.61060947083019e-05,4.764924748694353e-05,3.61060947083019e-05,False,583747816
SSp-n6b,0.0001034674062065972,0.0001034674062065972,0.0001128916804132978,9.404313115556223e-05,0.0001128916804132978,9.404313115556223e-05,False,583747816
SSp-tr,0.002782130604634812,0.002782130604634812,0.0017594965141923557,0.003804733812604239,0.0017594965141923557,0.003804733812604239,False,583747816
SSp-tr1,0.0030591953052166295,0.0030591953052166295,0.0012941839151086852,0.004824206720897431,0.0012941839151086852,0.004824206720897431,False,583747816
SSp-tr2/3,0.00030600378405260176,0.00030600378405260176,0.0002008752399828012,0.0004111323296696724,0.0002008752399828012,0.0004111323296696724,False,583747816
SSp-tr4,0.00013846403261502782,0.00013846403261502782,9.262151532013577e-05,0.0001843065493002298,9.262151532013577e-05,0.0001843065493002298,False,583747816
SSp-tr5,0.0006179865792434922,0.0006179865792434922,0.000460524069378806,0.0007754460785906832,0.000460524069378806,0.0007754460785906832,False,583747816
SSp-tr6a,0.009583310258694352,0.009583310258694352,0.006397583796516445,0.012769039066898002,0.006397583796516445,0.012769039066898002,False,583747816
SSp-tr6b,0.01988973688000283,0.01988973688000283,0.013315320662623486,0.026464150860701564,0.013315320662623486,0.026464150860701564,False,583747816
SSp-ul,0.00019293636750599352,0.00019293636750599352,0.0001303858079825345,0.00025548889728042065,0.0001303858079825345,0.00025548889728042065,False,583747816
SSp-ul1,0.0005621074201926193,0.0005621074201926193,0.00037599916589184704,0.0007482141866454761,0.00037599916589184704,0.0007482141866454761,False,583747816
SSp-ul2/3,2.5760697726058557e-05,2.5760697726058557e-05,2.2896136232340505e-05,2.862526401401034e-05,2.2896136232340505e-05,2.862526401401034e-05,False,583747816
SSp-ul4,2.44277345852678e-05,2.44277345852678e-05,2.0831567510397624e-05,2.802390150257164e-05,2.0831567510397624e-05,2.802390150257164e-05,False,583747816
SSp-ul5,3.2213432112872866e-05,3.2213432112872866e-05,2.9788234327859546e-05,3.463862976239532e-05,2.9788234327859546e-05,3.463862976239532e-05,False,583747816
SSp-ul6a,0.0003183787276796207,0.0003183787276796207,0.00019952018420174003,0.0004372362412813691,0.00019952018420174003,0.0004372362412813691,False,583747816
SSp-ul6b,0.0014381217960975576,0.0014381217960975576,0.0010057557793410174,0.0018704968403747808,0.0010057557793410174,0.0018704968403747808,False,583747816
SSp-un,0.0002675498064090042,0.0002675498064090042,0.0001648804698058582,0.0003702191294964967,0.0001648804698058582,0.0003702191294964967,False,583747816
SSp-un1,0.0008065670151818616,0.0008065670151818616,0.00036051309208775525,0.0012526209422022748,0.00036051309208775525,0.0012526209422022748,False,583747816
SSp-un2/3,3.609496470219508e-05,3.609496470219508e-05,2.1228421500160178e-05,5.09615077456755e-05,2.1228421500160178e-05,5.09615077456755e-05,False,583747816
SSp-un4,3.1465198195454695e-05,3.1465198195454695e-05,1.9299277938786914e-05,4.36311182248332e-05,1.9299277938786914e-05,4.36311182248332e-05,False,583747816
SSp-un5,5.746051154782238e-05,5.746051154782238e-05,3.925656558606415e-05,7.566445808835041e-05,3.925656558606415e-05,7.566445808835041e-05,False,583747816
SSp-un6a,0.000424849118454277,0.000424849118454277,0.00031553603553616385,0.0005341622045459734,0.00031553603553616385,0.0005341622045459734,False,583747816
SSp-un6b,0.001871919670516611,0.001871919670516611,0.0014084033195149574,0.002335436015011639,0.0014084033195149574,0.002335436015011639,False,583747816
SSs,0.0002628071500714958,0.0002628071500714958,0.0002052913679404145,0.00032032292207835475,0.0002052913679404145,0.00032032292207835475,False,583747816
SSs1,0.00114179940294942,0.00114179940294942,0.0008341572717690734,0.0014494413552065524,0.0008341572717690734,0.0014494413552065524,False,583747816
SSs2/3,7.789820588001112e-05,7.789820588001112e-05,4.8901160628440336e-05,0.00010689525141671478,4.8901160628440336e-05,0.00010689525141671478,False,583747816
SSs4,3.109163352672427e-05,3.109163352672427e-05,2.6590095463231356e-05,3.559317165007305e-05,2.6590095463231356e-05,3.559317165007305e-05,False,583747816
SSs5,5.6094667596893215e-05,5.6094667596893215e-05,3.192050295771137e-05,8.02688321530785e-05,3.192050295771137e-05,8.02688321530785e-05,False,583747816
SSs6a,0.00022284244563047068,0.00022284244563047068,0.00021061751123634535,0.00023506738032146257,0.00021061751123634535,0.00023506738032146257,False,583747816
SSs6b,0.0008092810520516857,0.0008092810520516857,0.0008470648964892857,0.0007714972125644056,0.0008470648964892857,0.0007714972125644056,False,583747816
STN,0.007615592749522537,0.007615592749522537,0.0033752929831838605,0.011855439868166165,0.0033752929831838605,0.011855439868166165,False,583747816
STR,0.00822784157172395,0.00822784157172395,0.006323598424961437,0.010132087462455015,0.006323598424961437,0.010132087462455015,False,583747816
STRd,0.013399802899293028,0.013399802899293028,0.01040655664843421,0.01639313173696287,0.01040655664843421,0.01639313173696287,False,583747816
STRv,0.0012050333728438815,0.0012050333728438815,0.0008105990846146538,0.0015994668715804575,0.0008105990846146538,0.0015994668715804575,False,583747816
SUB,0.00014706022435929296,0.00014706022435929296,0.00011606843167953733,0.00017805213432630997,0.00011606843167953733,0.00017805213432630997,False,583747816
SUM,0.012780388425424399,0.012780388425424399,0.010298511356291553,0.015262265506577258,0.010298511356291553,0.015262265506577258,False,583747816
SUT,0.00013045657974295862,0.00013045657974295862,7.995028471796221e-05,0.00018096573659567278,7.995028471796221e-05,0.00018096573659567278,False,583747816
SUV,2.036661553164364e-05,2.036661553164364e-05,1.6607008094891276e-05,2.4126223004862436e-05,1.6607008094891276e-05,2.4126223004862436e-05,False,583747816
Su3,0.005225185366537175,0.005225185366537175,0.004134513624629872,0.006315857133470686,0.004134513624629872,0.006315857133470686,False,583747816
SubG,0.0023289737632566894,0.0023289737632566894,0.0010454205723248186,0.003612526965880258,0.0010454205723248186,0.003612526965880258,False,583747816
TEa,0.001353478673935235,0.001353478673935235,0.0010225563876570573,0.0016844009602134163,0.0010225563876570573,0.0016844009602134163,False,583747816
TEa1,0.002399632832256042,0.002399632832256042,0.0012990880508107615,0.00350017762408059,0.0012990880508107615,0.00350017762408059,False,583747816
TEa2/3,0.000806908213205811,0.000806908213205811,0.0005727258363640528,0.0010410905929825558,0.0005727258363640528,0.0010410905929825558,False,583747816
TEa4,0.0006364824241700849,0.0006364824241700849,0.0004566575755105439,0.0008163072763463934,0.0004566575755105439,0.0008163072763463934,False,583747816
TEa5,0.000746072296772141,0.000746072296772141,0.0005807570506578456,0.0009113875378320638,0.0005807570506578456,0.0009113875378320638,False,583747816
TEa6a,0.0024012386434614065,0.0024012386434614065,0.0022736358352486168,0.0025288414564850793,0.0022736358352486168,0.0025288414564850793,False,583747816
TEa6b,0.002313859630525749,0.002313859630525749,0.00226808613926183,0.0023596331214147787,0.00226808613926183,0.0023596331214147787,False,583747816
TH,0.009086029522415948,0.009086029522415948,0.004872989232313145,0.01329906968731689,0.004872989232313145,0.01329906968731689,False,583747816
TM,0.0006583731053334608,0.0006583731053334608,0.0004469023960665941,0.0008698438146003283,0.0004469023960665941,0.0008698438146003283,False,583747816
TMd,0.0004142707441180503,0.0004142707441180503,0.0003087288796468594,0.0005198126091604718,0.0003087288796468594,0.0005198126091604718,False,583747816
TMv,0.0007392242842358296,0.0007392242842358296,0.000492667997284132,0.000985780569871032,0.000492667997284132,0.000985780569871032,False,583747816
TR,6.090919772924528e-05,6.090919772924528e-05,7.125676915964739e-05,5.0559684027838e-05,7.125676915964739e-05,5.0559684027838e-05,False,583747816
TRN,0.005389230723210144,0.005389230723210144,0.0030765360279251257,0.00770192542257137,0.0030765360279251257,0.00770192542257137,False,583747816
TRS,0.00036530849735228913,0.00036530849735228913,0.00024332560762659695,0.0004872913873958269,0.00024332560762659695,0.0004872913873958269,False,583747816
TT,0.0010502548147479068,0.0010502548147479068,0.0007857913579106775,0.001314717533639648,0.0007857913579106775,0.001314717533639648,False,583747816
TTd,0.001209706995721293,0.001209706995721293,0.0008084805575793271,0.00161093343093848,0.0008084805575793271,0.00161093343093848,False,583747816
TTv,0.000889551778581912,0.000889551778581912,0.0007629438618510424,0.0010161559459357407,0.0007629438618510424,0.0010161559459357407,False,583747816
TU,0.0003714279338596574,0.0003714279338596574,0.00019086228311319557,0.0005519935848636492,0.00019086228311319557,0.0005519935848636492,False,583747816
UVU,5.017023307707371e-05,5.017023307707371e-05,5.172399939699547e-05,4.861640066437113e-05,5.172399939699547e-05,4.861640066437113e-05,False,583747816
V,3.959375135813867e-06,3.959375135813867e-06,5.147562730591919e-06,2.7711875185246248e-06,5.147562730591919e-06,2.7711875185246248e-06,False,583747816
V3,0.0005277954486954011,0.0005277954486954011,0.00047658400133347495,0.0005790069020089095,0.00047658400133347495,0.0005790069020089095,False,583747816
V4,0.0007095957636651787,0.0007095957636651787,0.000702970976625369,0.0007162145464759877,0.000702970976625369,0.0007162145464759877,False,583747816
V4r,0.0009754687552293648,0.0009754687552293648,0.001006334236768545,0.0009446032759066748,0.001006334236768545,0.0009446032759066748,False,583747816
VAL,0.010030601527681827,0.010030601527681827,0.004129129997681805,0.015932073033774308,0.004129129997681805,0.015932073033774308,False,583747816
VCO,8.806936584029004e-05,8.806936584029004e-05,8.929963159019337e-05,8.68391000974138e-05,8.929963159019337e-05,8.68391000974138e-05,False,583747816
VENT,0.005395036461480873,0.005395036461480873,0.002411450098375257,0.00837862282458649,0.002411450098375257,0.00837862282458649,False,583747816
VERM,2.6021707699030238e-05,2.6021707699030238e-05,2.440091203872784e-05,2.764250276010301e-05,2.440091203872784e-05,2.764250276010301e-05,False,583747816
VI,0.00026393689111107717,0.00026393689111107717,0.0002471946670413018,0.00028067911622444537,0.0002471946670413018,0.00028067911622444537,False,583747816
VII,8.148003244755671e-05,8.148003244755671e-05,8.846817118710284e-05,7.449189392744795e-05,8.846817118710284e-05,7.449189392744795e-05,False,583747816
VIIIn,0.0009090482390937005,0.0009090482390937005,0.0007844081321339121,0.001033688883971278,0.0007844081321339121,0.001033688883971278,False,583747816
VIIn,7.569826550208368e-05,7.569826550208368e-05,8.068693960061874e-05,7.070959141699229e-05,8.068693960061874e-05,7.070959141699229e-05,False,583747816
VIS,0.004524736806703267,0.004524736806703267,0.0028395275147686328,0.006209938954733442,0.0028395275147686328,0.006209938954733442,False,583747816
VISC,0.00032647033637040384,0.00032647033637040384,0.0003808323411898483,0.00027210833155096037,0.0003808323411898483,0.00027210833155096037,False,583747816
VISC1,0.0003997656325810446,0.0003997656325810446,0.0004045031358069883,0.0003950281308256931,0.0004045031358069883,0.0003950281308256931,False,583747816
VISC2/3,3.000805817000688e-05,3.000805817000688e-05,2.5472469014302035e-05,3.454364731458471e-05,2.5472469014302035e-05,3.454364731458471e-05,False,583747816
VISC4,2.13038073908198e-05,2.13038073908198e-05,1.866343019298375e-05,2.394418450480127e-05,1.866343019298375e-05,2.394418450480127e-05,False,583747816
VISC5,7.495896502447423e-05,7.495896502447423e-05,7.55081726389365e-05,7.440975722441663e-05,7.55081726389365e-05,7.440975722441663e-05,False,583747816
VISC6a,0.000959891302586331,0.000959891302586331,0.001171581194547422,0.0007482014156799821,0.001171581194547422,0.0007482014156799821,False,583747816
VISC6b,0.0008970676097287636,0.0008970676097287636,0.0011937837931035068,0.0006003514289538573,0.0011937837931035068,0.0006003514289538573,False,583747816
VISa,0.006567323670593266,0.006567323670593266,0.00407419952609249,0.009060142468009628,0.00407419952609249,0.009060142468009628,False,583747816
VISa1,0.010709885215884127,0.010709885215884127,0.005529885134808899,0.015889696365422323,0.005529885134808899,0.015889696365422323,False,583747816
VISa2/3,0.003168862804107192,0.003168862804107192,0.002169134956268256,0.004168571129029234,0.002169134956268256,0.004168571129029234,False,583747816
VISa4,0.0020477050395030618,0.0020477050395030618,0.0012965923512711856,0.0027988092897117123,0.0012965923512711856,0.0027988092897117123,False,583747816
VISa5,0.0035391742622565246,0.0035391742622565246,0.002314790014300075,0.004763497782478746,0.002314790014300075,0.004763497782478746,False,583747816
VISa6a,0.013788861271095238,0.013788861271095238,0.008951650885690304,0.018626069108519966,0.008951650885690304,0.018626069108519966,False,583747816
VISa6b,0.022302780773621533,0.022302780773621533,0.014986857975564613,0.029618703527279744,0.014986857975564613,0.029618703527279744,False,583747816
VISal,0.005276183897649696,0.005276183897649696,0.003520926832932141,0.007031444021780076,0.003520926832932141,0.007031444021780076,False,583747816
VISal1,0.011719162804819962,0.011719162804819962,0.006117064594890349,0.01732128315899327,0.006117064594890349,0.01732128315899327,False,583747816
VISal2/3,0.003257570030986576,0.003257570030986576,0.0024193977505555905,0.004095742305455566,0.0024193977505555905,0.004095742305455566,False,583747816
VISal4,0.002014353612477405,0.002014353612477405,0.0013838951809891104,0.002644812041767692,0.0013838951809891104,0.002644812041767692,False,583747816
VISal5,0.0032894793834387284,0.0032894793834387284,0.0023275578093837662,0.004251400971634111,0.0023275578093837662,0.004251400971634111,False,583747816
VISal6a,0.007944105696118533,0.007944105696118533,0.006045594118408218,0.00984261730934642,0.006045594118408218,0.00984261730934642,False,583747816
VISal6b,0.009219456943888,0.009219456943888,0.007849457922645506,0.010589455938000869,0.007849457922645506,0.010589455938000869,False,583747816
VISam,0.020928927047968653,0.020928927047968653,0.013255870910690928,0.02860198289919053,0.013255870910690928,0.02860198289919053,False,583747816
VISam1,0.029886271788301198,0.029886271788301198,0.018463350917314183,0.041309188558021945,0.018463350917314183,0.041309188558021945,False,583747816
VISam2/3,0.01522424232628303,0.01522424232628303,0.010252088315920742,0.020196396347501585,0.010252088315920742,0.020196396347501585,False,583747816
VISam4,0.015348365793247231,0.015348365793247231,0.01008551773618577,0.020611213886208114,0.01008551773618577,0.020611213886208114,False,583747816
VISam5,0.01667742099739329,0.01667742099739329,0.010545824335909459,0.022809017738276486,0.010545824335909459,0.022809017738276486,False,583747816
VISam6a,0.02891222525174964,0.02891222525174964,0.017638717571533857,0.04018573285060812,0.017638717571533857,0.04018573285060812,False,583747816
VISam6b,0.027553740266246005,0.027553740266246005,0.017991435490006258,0.03711604498673432,0.017991435490006258,0.03711604498673432,False,583747816
VISl,0.0035323520084086387,0.0035323520084086387,0.0024070343460820976,0.004657660445866417,0.0024070343460820976,0.004657660445866417,False,583747816
VISl1,0.008171471355110881,0.008171471355110881,0.0045439662900145,0.011798957250681967,0.0045439662900145,0.011798957250681967,False,583747816
VISl2/3,0.002005016446470781,0.002005016446470781,0.0016824181690621742,0.002327612956585867,0.0016824181690621742,0.002327612956585867,False,583747816
VISl4,0.0009363390562308962,0.0009363390562308962,0.0007785016243658172,0.0010941764617197639,0.0007785016243658172,0.0010941764617197639,False,583747816
VISl5,0.0018249340718955464,0.0018249340718955464,0.0013615382789310393,0.002288318849602816,0.0013615382789310393,0.002288318849602816,False,583747816
VISl6a,0.005786587801952091,0.005786587801952091,0.004006564508318261,0.007566611097587919,0.004006564508318261,0.007566611097587919,False,583747816
VISl6b,0.007112480091600471,0.007112480091600471,0.005340950676197819,0.008884009513991199,0.005340950676197819,0.008884009513991199,False,583747816
VISli,0.0029230457564822674,0.0029230457564822674,0.0020882660851913727,0.0037578254347277614,0.0020882660851913727,0.0037578254347277614,False,583747816
VISli1,0.006650126581735401,0.006650126581735401,0.003977502139349747,0.00932278547153216,0.003977502139349747,0.00932278547153216,False,583747816
VISli2/3,0.0016659891123507128,0.0016659891123507128,0.0014874421248725353,0.0018445360855138227,0.0014874421248725353,0.0018445360855138227,False,583747816
VISli4,0.0008239825166276353,0.0008239825166276353,0.0006198936126224822,0.0010280714177476429,0.0006198936126224822,0.0010280714177476429,False,583747816
VISli5,0.0014270876227361511,0.0014270876227361511,0.0010082213138667855,0.0018459509397764258,0.0010082213138667855,0.0018459509397764258,False,583747816
VISli6a,0.0050487418919169325,0.0050487418919169325,0.0037662963439848195,0.006331187450583399,0.0037662963439848195,0.006331187450583399,False,583747816
VISli6b,0.0056416418787495004,0.0056416418787495004,0.004634268376099538,0.006649015384545435,0.004634268376099538,0.006649015384545435,False,583747816
VISp,0.002663905345378287,0.002663905345378287,0.001664862082531107,0.0036629477709912103,0.001664862082531107,0.0036629477709912103,False,583747816
VISp1,0.005967560419717841,0.005967560419717841,0.003331056257997182,0.008604064602952424,0.003331056257997182,0.008604064602952424,False,583747816
VISp2/3,0.0008897090795541608,0.0008897090795541608,0.000800561885049573,0.0009788562745338722,0.000800561885049573,0.0009788562745338722,False,583747816
VISp4,0.0004440005906444145,0.0004440005906444145,0.000360726759647276,0.000527274418246265,0.000360726759647276,0.000527274418246265,False,583747816
VISp5,0.0013602316492426051,0.0013602316492426051,0.0008741498308283271,0.0018463129386741307,0.0008741498308283271,0.0018463129386741307,False,583747816
VISp6a,0.005078693545005539,0.005078693545005539,0.0030422726750447848,0.0071151018221331935,0.0030422726750447848,0.0071151018221331935,False,583747816
VISp6b,0.009251224359041686,0.009251224359041686,0.005983689723288268,0.012518751123608599,0.005983689723288268,0.012518751123608599,False,583747816
VISpl,0.0020509639376434944,0.0020509639376434944,0.0009356624105154466,0.0031662654288244084,0.0009356624105154466,0.0031662654288244084,False,583747816
VISpl1,0.0030828958707875974,0.0030828958707875974,0.0012962036179112514,0.004869588119052652,0.0012962036179112514,0.004869588119052652,False,583747816
VISpl2/3,0.0014181823641200276,0.0014181823641200276,0.0006760293605639028,0.0021603353691072797,0.0006760293605639028,0.0021603353691072797,False,583747816
VISpl4,0.0005133715390761093,0.0005133715390761093,0.0002112980552379175,0.0008154450222286313,0.0002112980552379175,0.0008154450222286313,False,583747816
VISpl5,0.0017080769155325575,0.0017080769155325575,0.0006944044257172718,0.0027217493940438742,0.0006944044257172718,0.0027217493940438742,False,583747816
VISpl6a,0.0025985631445640985,0.0025985631445640985,0.0014587462422144721,0.003738380041284001,0.0014587462422144721,0.003738380041284001,False,583747816
VISpl6b,0.0032649217698510133,0.0032649217698510133,0.0023445147567440136,0.004185328764692124,0.0023445147567440136,0.004185328764692124,False,583747816
VISpm,0.010064911189168432,0.010064911189168432,0.006168333481863073,0.013961488896473796,0.006168333481863073,0.013961488896473796,False,583747816
VISpm1,0.018206053078425342,0.018206053078425342,0.010360723037364673,0.026051383115079867,0.010360723037364673,0.026051383115079867,False,583747816
VISpm2/3,0.006690835629134374,0.006690835629134374,0.004811671268767282,0.008569999984726065,0.004811671268767282,0.008569999984726065,False,583747816
VISpm4,0.006391609116413095,0.006391609116413095,0.00406762694650922,0.00871559131810949,0.00406762694650922,0.00871559131810949,False,583747816
VISpm5,0.006474295154219827,0.006474295154219827,0.003863299375348818,0.00908529092166877,0.003863299375348818,0.00908529092166877,False,583747816
VISpm6a,0.014329539425747856,0.014329539425747856,0.008576595878691215,0.020082482988272927,0.008576595878691215,0.020082482988272927,False,583747816
VISpm6b,0.01648118185072807,0.01648118185072807,0.009760330316829937,0.02320203333287816,0.009760330316829937,0.02320203333287816,False,583747816
VISpor,0.0027719000653105156,0.0027719000653105156,0.0016376600581297141,0.003906131229247683,0.0016376600581297141,0.003906131229247683,False,583747816
VISpor1,0.0049414333331166535,0.0049414333331166535,0.0021803886433240526,0.007702467273127353,0.0021803886433240526,0.007702467273127353,False,583747816
VISpor2/3,0.0020460102641194234,0.0020460102641194234,0.0013194314815649433,0.002772586575922775,0.0013194314815649433,0.002772586575922775,False,583747816
VISpor4,0.0003036041076872265,0.0003036041076872265,0.00022904057717298537,0.0003781671195659166,0.00022904057717298537,0.0003781671195659166,False,583747816
VISpor5,0.002058467818743749,0.002058467818743749,0.0012748810138096265,0.0028420365804083226,0.0012748810138096265,0.0028420365804083226,False,583747816
VISpor6a,0.0035800689761102456,0.0035800689761102456,0.0026440378625702146,0.0045160998233179156,0.0026440378625702146,0.0045160998233179156,False,583747816
VISpor6b,0.003034865968925779,0.003034865968925779,0.00246947504468627,0.003600256895504496,0.00246947504468627,0.003600256895504496,False,583747816
VISrl,0.005867838438534248,0.005867838438534248,0.003509771094664946,0.008225905746297824,0.003509771094664946,0.008225905746297824,False,583747816
VISrl1,0.012176999799882822,0.012176999799882822,0.006147451873963211,0.018206547189698274,0.006147451873963211,0.018206547189698274,False,583747816
VISrl2/3,0.003136237350816713,0.003136237350816713,0.001821030870845234,0.004451443847434218,0.001821030870845234,0.004451443847434218,False,583747816
VISrl4,0.0022938626675134397,0.0022938626675134397,0.0012587759168943148,0.0033289493796142496,0.0012587759168943148,0.0033289493796142496,False,583747816
VISrl5,0.003735123302572482,0.003735123302572482,0.002317621397230612,0.0051526251892741294,0.002317621397230612,0.0051526251892741294,False,583747816
VISrl6a,0.009231432096915048,0.009231432096915048,0.006467088188829242,0.011995776001779094,0.006467088188829242,0.011995776001779094,False,583747816
VISrl6b,0.013311542051344622,0.013311542051344622,0.01014119040092406,0.01648189368600526,0.01014119040092406,0.01648189368600526,False,583747816
VL,0.0009990967665121058,0.0009990967665121058,0.0008080493264137178,0.0011901464064394474,0.0008080493264137178,0.0011901464064394474,False,583747816
VLPO,0.0009653455162977067,0.0009653455162977067,0.00042968243461150246,0.0015010085963024938,0.00042968243461150246,0.0015010085963024938,False,583747816
VM,0.014931875865058059,0.014931875865058059,0.007371057408810347,0.02249269431469834,0.007371057408810347,0.02249269431469834,False,583747816
VMH,8.066215674355381e-05,8.066215674355381e-05,3.297900774675274e-05,0.00012834530686262025,3.297900774675274e-05,0.00012834530686262025,False,583747816
VMPO,0.00015538725322309014,0.00015538725322309014,6.333271660541795e-05,0.00024744179267215165,6.333271660541795e-05,0.00024744179267215165,False,583747816
VNC,7.441932396934558e-05,7.441932396934558e-05,7.025509657042938e-05,7.858971656669932e-05,7.025509657042938e-05,7.858971656669932e-05,False,583747816
VP,0.0009395127839944411,0.0009395127839944411,0.000336285851016364,0.0015427397169725222,0.000336285851016364,0.0015427397169725222,False,583747816
VPL,0.0022301157992528613,0.0022301157992528613,0.0008602029062789332,0.0036000287054352284,0.0008602029062789332,0.0036000287054352284,False,583747816
VPLpc,0.0010578214291917115,0.0010578214291917115,0.0002487383556983963,0.0018669045018278065,0.0002487383556983963,0.0018669045018278065,False,583747816
VPM,0.00016848084353713862,0.00016848084353713862,3.7882920534457126e-05,0.0002990787650949442,3.7882920534457126e-05,0.0002990787650949442,False,583747816
VPMpc,0.0015260005023905662,0.0015260005023905662,0.0005250947388828567,0.00252690626314014,0.0005250947388828567,0.00252690626314014,False,583747816
VS,0.0008248619513130047,0.0008248619513130047,0.000695679541626792,0.000954044497185495,0.000695679541626792,0.000954044497185495,False,583747816
VTA,0.003676111708740407,0.003676111708740407,0.001918628040371258,0.005433595383745518,0.001918628040371258,0.005433595383745518,False,583747816
VTN,0.0047518826444745005,0.0047518826444745005,0.0029336903246823844,0.006570074990670325,0.0029336903246823844,0.006570074990670325,False,583747816
VeCB,8.133352949780719e-05,8.133352949780719e-05,6.823705643542945e-05,9.443000290861255e-05,6.823705643542945e-05,9.443000290861255e-05,False,583747816
Vn,0.00017783322823343737,0.00017783322823343737,0.0001740389673841464,0.0001816274890974305,0.0001740389673841464,0.0001816274890974305,False,583747816
XII,2.186228624320757e-05,2.186228624320757e-05,3.0819812767294525e-05,1.29047597235493e-05,3.0819812767294525e-05,1.29047597235493e-05,False,583747816
Xi,0.021009166376337617,0.021009166376337617,0.02002558045091526,0.02199275224274165,0.02002558045091526,0.02199275224274165,False,583747816
Xn,6.9732399713766e-05,6.9732399713766e-05,0.00010176293028530309,3.770186914222818e-05,0.00010176293028530309,3.770186914222818e-05,False,583747816
ZI,0.019471221083384928,0.019471221083384928,0.009206666335523188,0.029735594609441352,0.009206666335523188,0.029735594609441352,False,583747816
aco,7.491541446394556e-05,7.491541446394556e-05,5.378074447678338e-05,9.605027634761355e-05,5.378074447678338e-05,9.605027634761355e-05,False,583747816
act,0.00016562828626660593,0.00016562828626660593,0.00010268270186594923,0.0002285738701168006,0.00010268270186594923,0.0002285738701168006,False,583747816
alv,0.0003573158139935076,0.0003573158139935076,0.00022839257108699972,0.000486237673711254,0.00022839257108699972,0.000486237673711254,False,583747816
amc,0.0004440205654078765,0.0004440205654078765,0.0005739550360578296,0.00031408609373441025,0.0005739550360578296,0.00031408609373441025,False,583747816
ar,0.0011041965548132487,0.0011041965548132487,0.0006897462010783807,0.0015186469094858517,0.0006897462010783807,0.0015186469094858517,False,583747816
arb,2.244825858434948e-05,2.244825858434948e-05,2.3522439686396795e-05,2.137407634231443e-05,2.3522439686396795e-05,2.137407634231443e-05,False,583747816
bic,0.0004186863577064794,0.0004186863577064794,0.0004682474559675708,0.0003691252601800131,0.0004682474559675708,0.0003691252601800131,False,583747816
bsc,0.0013732238945625582,0.0013732238945625582,0.0013006444979990533,0.0014458032864845002,0.0013006444979990533,0.0014458032864845002,False,583747816
c,3.800169284960781e-05,3.800169284960781e-05,2.6951972982962557e-05,4.905141263429223e-05,2.6951972982962557e-05,4.905141263429223e-05,False,583747816
cVIIIn,0.001050711153669941,0.001050711153669941,0.0009036487001036395,0.0011977743638483943,0.0009036487001036395,0.0011977743638483943,False,583747816
cbc,3.89221938683382e-05,3.89221938683382e-05,2.3770567905805652e-05,5.4073819956876535e-05,2.3770567905805652e-05,5.4073819956876535e-05,False,583747816
cbf,0.00015466320945772897,0.00015466320945772897,0.00015382631308065404,0.00015550039702843353,0.00015382631308065404,0.00015550039702843353,False,583747816
cbp,0.0004820483574364242,0.0004820483574364242,0.00047677253373614294,0.00048732886161967793,0.00047677253373614294,0.00048732886161967793,False,583747816
cc,0.007877281930603662,0.007877281930603662,0.006812159745653838,0.008942456126675246,0.006812159745653838,0.008942456126675246,False,583747816
ccb,0.011098556759213406,0.011098556759213406,0.00986065177416819,0.012336615482091248,0.00986065177416819,0.012336615482091248,False,583747816
ccg,0.016350262455171773,0.016350262455171773,0.013382644372432702,0.019318041093416047,0.013382644372432702,0.019318041093416047,False,583747816
ccs,0.0017340341788040343,0.0017340341788040343,0.0012135713976550143,0.002254496954830904,0.0012135713976550143,0.002254496954830904,False,583747816
cett,0.007056470281921805,0.007056470281921805,0.0027635045300712226,0.011349464924374978,0.0027635045300712226,0.011349464924374978,False,583747816
chpl,0.0005743901835837051,0.0005743901835837051,0.0005298934791195386,0.0006188876446038747,0.0005298934791195386,0.0006188876446038747,False,583747816
cic,0.002053343115626976,0.002053343115626976,0.0013971544442171499,0.002709531801625394,0.0013971544442171499,0.002709531801625394,False,583747816
cing,0.01517376824047592,0.01517376824047592,0.011222916826122102,0.019129282349044197,0.011222916826122102,0.019129282349044197,False,583747816
cm,0.0009201995681553573,0.0009201995681553573,0.0006165302211444256,0.0012242994832240854,0.0006165302211444256,0.0012242994832240854,False,583747816
cpd,0.008891180953293127,0.008891180953293127,0.002913489455442433,0.014868872497892805,0.002913489455442433,0.014868872497892805,False,583747816
csc,0.01530649117248182,0.01530649117248182,0.009773756376855042,0.020839226040509185,0.009773756376855042,0.020839226040509185,False,583747816
cst,0.006791164242231098,0.006791164242231098,0.002604061580871267,0.01097821864133984,0.002604061580871267,0.01097821864133984,False,583747816
cuf,0.00012190423438925299,0.00012190423438925299,9.517339457324813e-05,0.00014863507258830016,9.517339457324813e-05,0.00014863507258830016,False,583747816
das,1.1558012298194474e-05,1.1558012298194474e-05,1.5596749371264004e-05,7.519275266744389e-06,1.5596749371264004e-05,7.519275266744389e-06,False,583747816
dc,0.00012190423600621149,0.00012190423600621149,9.517339655293852e-05,0.0001486350754594853,9.517339655293852e-05,0.0001486350754594853,False,583747816
df,0.0022247284247181877,0.0022247284247181877,0.0022281994400666135,0.002221257395128944,0.0022281994400666135,0.002221257395128944,False,583747816
dhc,0.0002675826240978997,0.0002675826240978997,0.0002176851418251166,0.00031748010685969083,0.0002176851418251166,0.00031748010685969083,False,583747816
drt,0.007056470281921805,0.007056470281921805,0.0027635045300712226,0.011349464924374978,0.0027635045300712226,0.011349464924374978,False,583747816
dscp,0.00043475625751114897,0.00043475625751114897,0.000287279502954492,0.000582233014110122,0.000287279502954492,0.000582233014110122,False,583747816
dtd,0.000711826790406208,0.000711826790406208,0.00045766957154289733,0.0009659840076894725,0.00045766957154289733,0.0009659840076894725,False,583747816
ec,0.0027934940235729917,0.0027934940235729917,0.0032713015755663232,0.0023156842818324547,0.0032713015755663232,0.0023156842818324547,False,583747816
ee,0.00012513811287741752,0.00012513811287741752,0.00014285658118462822,0.00010741964547637078,0.00014285658118462822,0.00010741964547637078,False,583747816
em,0.003734538770036994,0.003734538770036994,0.0011411549217926647,0.00632792260708873,0.0011411549217926647,0.00632792260708873,False,583747816
eps,0.002492932950126947,0.002492932950126947,0.0013660441200875433,0.003619705162091947,0.0013660441200875433,0.003619705162091947,False,583747816
epsc,0.014238652363561036,0.014238652363561036,0.006148909271440726,0.022328166390900656,0.006148909271440726,0.022328166390900656,False,583747816
fa,0.006361607989607923,0.006361607989607923,0.005588924890290316,0.007134286115470473,0.005588924890290316,0.007134286115470473,False,583747816
fi,0.00012183964835828027,0.00012183964835828027,0.00011100609269412526,0.00013267320421060587,0.00011100609269412526,0.00013267320421060587,False,583747816
fiber tracts,0.0029815360171985186,0.0029815360171985186,0.0021455582132415335,0.003817732727517995,0.0021455582132415335,0.003817732727517995,False,583747816
fp,0.001355617040907921,0.001355617040907921,0.0010882835794507274,0.001622950497114742,0.0010882835794507274,0.001622950497114742,False,583747816
fr,0.006267915729412652,0.006267915729412652,0.002627371393367149,0.009908460059899996,0.002627371393367149,0.009908460059899996,False,583747816
fx,0.0013292479924136111,0.0013292479924136111,0.0006532249203048563,0.0020052710717926147,0.0006532249203048563,0.0020052710717926147,False,583747816
fxpo,0.0013098077734792928,0.0013098077734792928,0.000647482493733989,0.0019721330532246027,0.000647482493733989,0.0019721330532246027,False,583747816
fxs,0.0003275427208399662,0.0003275427208399662,0.00022660798041176973,0.0004284771439912358,0.00022660798041176973,0.0004284771439912358,False,583747816
gVIIn,0.0001592529667850464,0.0001592529667850464,0.00015286568969076337,0.00016564024415400403,0.00015286568969076337,0.00016564024415400403,False,583747816
grey,0.003910999060842629,0.003910999060842629,0.002584362082042523,0.0052390332497713925,0.002584362082042523,0.0052390332497713925,False,583747816
hbc,0.00042481095256777506,0.00042481095256777506,0.00034959976440683755,0.0005000221395050654,0.00034959976440683755,0.0005000221395050654,False,583747816
hc,0.00025459353221025764,0.00025459353221025764,0.00020737161584041884,0.0003018154484589757,0.00020737161584041884,0.0003018154484589757,False,583747816
icp,0.0002760017850794398,0.0002760017850794398,0.0002460982648720486,0.0003059034373695612,0.0002460982648720486,0.0003059034373695612,False,583747816
int,0.007209152637966428,0.007209152637966428,0.0029632956635556726,0.011454838408827666,0.0029632956635556726,0.011454838408827666,False,583747816
lfbs,0.006602790906535646,0.006602790906535646,0.004820528595550217,0.00838506513914292,0.004820528595550217,0.00838506513914292,False,583747816
lfbst,0.0021118801532095033,0.0021118801532095033,0.0017174555859160692,0.0025063047519135783,0.0017174555859160692,0.0025063047519135783,False,583747816
ll,0.0003920642400735874,0.0003920642400735874,0.0004721004774476993,0.0003120280017477252,0.0004721004774476993,0.0003120280017477252,False,583747816
lot,0.0009650927074028315,0.0009650927074028315,0.0010319477308205595,0.0008982380452441287,0.0010319477308205595,0.0008982380452441287,False,583747816
lotd,3.555079363018613e-05,3.555079363018613e-05,6.020480755373466e-05,1.088654602164747e-05,6.020480755373466e-05,1.088654602164747e-05,False,583747816
lotg,0.0008279647862779856,0.0008279647862779856,0.0008887307807298339,0.0007672275892842397,0.0008887307807298339,0.0007672275892842397,False,583747816
mcp,0.0005964596447361777,0.0005964596447361777,0.0006844376906136437,0.0005084896461968138,0.0006844376906136437,0.0005084896461968138,False,583747816
mct,0.000680584378946961,0.000680584378946961,0.0004616170062932881,0.0008995517443003079,0.0004616170062932881,0.0008995517443003079,False,583747816
mfb,0.012171881177620523,0.012171881177620523,0.007879474203874479,0.01646428816980361,0.007879474203874479,0.01646428816980361,False,583747816
mfbc,0.003359382175973756,0.003359382175973756,0.002463831111259712,0.004255153842229173,0.002463831111259712,0.004255153842229173,False,583747816
mfbs,0.003619448662758034,0.003619448662758034,0.0025501638643715967,0.004688970362306684,0.0025501638643715967,0.004688970362306684,False,583747816
mfbse,0.003277701599910886,0.003277701599910886,0.0013867795200213993,0.0051686236798003755,0.0013867795200213993,0.0051686236798003755,False,583747816
mfbsma,0.009141887788937462,0.009141887788937462,0.005985179187510054,0.012298596390364878,0.005985179187510054,0.012298596390364878,False,583747816
mfsbshy,0.005589881713125051,0.005589881713125051,0.003203217144948943,0.007976546281301155,0.003203217144948943,0.007976546281301155,False,583747816
ml,0.0072884370654554415,0.0072884370654554415,0.002852908247937382,0.011723962368234688,0.002852908247937382,0.011723962368234688,False,583747816
mlf,0.0007964319925254877,0.0007964319925254877,0.0006094955983345772,0.0009833683848810915,0.0006094955983345772,0.0009833683848810915,False,583747816
moV,0.0004068967561669853,0.0004068967561669853,0.0005122123846094839,0.00030158112769801794,0.0005122123846094839,0.00030158112769801794,False,583747816
mp,0.005721508630166474,0.005721508630166474,0.003515969098357214,0.007927048164642186,0.003515969098357214,0.007927048164642186,False,583747816
mtg,0.003874510725624755,0.003874510725624755,0.002514786129395073,0.005234235319159239,0.002514786129395073,0.005234235319159239,False,583747816
mtt,0.012885036424197244,0.012885036424197244,0.00864270806927475,0.017127364763987594,0.00864270806927475,0.017127364763987594,False,583747816
nst,0.014238652434585965,0.014238652434585965,0.006148909298102331,0.02232816657731383,0.006148909298102331,0.02232816657731383,False,583747816
och,0.0005915514540893705,0.0005915514540893705,0.0006055609401779874,0.000577541967312719,0.0006055609401779874,0.000577541967312719,False,583747816
onl,0.00033516470760888126,0.00033516470760888126,0.000324557554501758,0.00034550490461844656,0.000324557554501758,0.00034550490461844656,False,583747816
opt,0.0005069493548654552,0.0005069493548654552,0.0005283279184246542,0.00048557079064268023,0.0005283279184246542,0.00048557079064268023,False,583747816
or,0.002236711463492714,0.002236711463492714,0.0019781435882781115,0.002495279393422002,0.0019781435882781115,0.002495279393422002,False,583747816
pc,0.005664011201959358,0.005664011201959358,0.003305749269616544,0.008022273125378053,0.003305749269616544,0.008022273125378053,False,583747816
pm,0.008247727535352477,0.008247727535352477,0.004857112903588998,0.01163834209928015,0.004857112903588998,0.01163834209928015,False,583747816
py,0.002482368837512509,0.002482368837512509,0.0009348755201809085,0.004029862154343142,0.0009348755201809085,0.004029862154343142,False,583747816
pyd,0.0022634545779773186,0.0022634545779773186,0.0016081516488128443,0.0029187507583554474,0.0016081516488128443,0.0029187507583554474,False,583747816
root,0.003788717765047859,0.003788717765047859,0.002529600639120956,0.005049043337249659,0.002529600639120956,0.005049043337249659,False,583747816
rust,0.0010454902659034952,0.0010454902659034952,0.00075242109918487,0.0013385082254220634,0.00075242109918487,0.0013385082254220634,False,583747816
sAMY,0.00012392130422567382,0.00012392130422567382,6.900630305986375e-05,0.00017883630539148544,6.900630305986375e-05,0.00017883630539148544,False,583747816
sV,0.0001719486467230082,0.0001719486467230082,0.00016535137933456622,0.0001785459135790566,0.00016535137933456622,0.0001785459135790566,False,583747816
scp,0.0005450496849941281,0.0005450496849941281,0.0004454556024038613,0.000644642736101631,0.0004454556024038613,0.000644642736101631,False,583747816
sctd,0.0004681292048492349,0.0004681292048492349,0.00047553099803129877,0.00046072759612910194,0.00047553099803129877,0.00046072759612910194,False,583747816
sctv,0.0007184816146402758,0.0007184816146402758,0.0006442976015814347,0.000792666083146155,0.0006442976015814347,0.000792666083146155,False,583747816
scwm,0.0019133709062437924,0.0019133709062437924,0.0016975949461090797,0.0021291553138655635,0.0016975949461090797,0.0021291553138655635,False,583747816
sm,0.0019297664197226094,0.0019297664197226094,0.0008016901823281681,0.00305784266846422,0.0008016901823281681,0.00305784266846422,False,583747816
sptV,0.00010380912547885221,0.00010380912547885221,9.134319246956068e-05,0.00011627505847214467,9.134319246956068e-05,0.00011627505847214467,False,583747816
st,0.0006469477149453727,0.0006469477149453727,0.00022837414814460587,0.00106552128233865,0.00022837414814460587,0.00106552128233865,False,583747816
stc,6.0869450225223954e-05,6.0869450225223954e-05,1.984750926776561e-05,0.0001018913908979709,1.984750926776561e-05,0.0001018913908979709,False,583747816
sup,0.0005659509577189037,0.0005659509577189037,0.00031962931664472795,0.000812272602865481,0.00031962931664472795,0.000812272602865481,False,583747816
tb,0.0033881660780613137,0.0033881660780613137,0.002470706766735432,0.004305625404417303,0.002470706766735432,0.004305625404417303,False,583747816
ts,6.973240004688635e-05,6.973240004688635e-05,0.00010176293168275161,3.770186874414075e-05,0.00010176293168275161,3.770186874414075e-05,False,583747816
tsp,0.0016247351205579768,0.0016247351205579768,0.0010412088833311789,0.002208261959328794,0.0010412088833311789,0.002208261959328794,False,583747816
tspc,0.0016373098601269681,0.0016373098601269681,0.0010492475484628978,0.0022253727855913634,0.0010492475484628978,0.0022253727855913634,False,583747816
tspd,0.00016455463641558104,0.00016455463641558104,2.6820363606983333e-05,0.00030228890953402845,2.6820363606983333e-05,0.00030228890953402845,False,583747816
uf,9.104031670261885e-05,9.104031670261885e-05,7.774112869888584e-05,0.00010433950517071962,7.774112869888584e-05,0.00010433950517071962,False,583747816
vVIIIn,0.00010997275406547769,0.00010997275406547769,0.00011182346930616933,0.00010812203862756564,0.00011182346930616933,0.00010812203862756564,False,583747816
vhc,6.312287775136994e-05,6.312287775136994e-05,5.534112730846356e-05,7.090462829123653e-05,5.534112730846356e-05,7.090462829123653e-05,False,583747816
von,0.0023978684318377574,0.0023978684318377574,0.002481498742675157,0.002314238119126315,0.002481498742675157,0.002314238119126315,False,583747816
vtd,0.0006175825645182445,0.0006175825645182445,0.00043021108601250273,0.0008049540459784314,0.00043021108601250273,0.0008049540459784314,False,583747816
x,0.00010779868507429246,0.00010779868507429246,0.00014844874886972383,6.714861954921922e-05,0.00014844874886972383,6.714861954921922e-05,False,583747816
y,5.309550364589698e-06,5.309550364589698e-06,9.98810383054982e-06,6.309968968421384e-07,9.98810383054982e-06,6.309968968421384e-07,False,583747816
