acronym,value,value_mean,value_ipsi,value_contra,value_left,value_right,is_seed,tract_experiment_id
CLI,0.999977052211761,0.999977052211761,0.999977052211761,0.0,0.999977052211761,0.999977052211761,True,480074702
scp,0.569197714328766,0.569197714328766,0.569197714328766,0.0,0.569197714328766,0.569197714328766,True,480074702
P,0.783173978328705,0.783173978328705,0.783173978328705,0.0,0.783173978328705,0.783173978328705,True,480074702
MB,0.993116021156311,0.993116021156311,0.993116021156311,0.0,0.993116021156311,0.993116021156311,True,480074702
MBsta,0.997847914984359,0.997847914984359,0.997847914984359,0.0,0.997847914984359,0.997847914984359,True,480074702
HB,0.783173947765764,0.783173947765764,0.783173947765764,0.0,0.783173947765764,0.783173947765764,True,480074702
PAG,0.983786344528198,0.983786344528198,0.983786344528198,0.0,0.983786344528198,0.983786344528198,True,480074702
BS,0.993115991759418,0.993115991759418,0.993115991759418,0.0,0.993115991759418,0.993115991759418,True,480074702
grey,0.993115991759418,0.993115991759418,0.993115991759418,0.0,0.993115991759418,0.993115991759418,True,480074702
fiber tracts,0.912031412124634,0.912031412124634,0.912031412124634,0.0,0.912031412124634,0.912031412124634,True,480074702
PCG,0.554713791671846,0.554713791671846,0.554713791671846,0.0,0.554713791671846,0.554713791671846,True,480074702
IV,0.999942243099213,0.999942243099213,0.999942243099213,0.0,0.999942243099213,0.999942243099213,True,480074702
mlf,0.928152501583099,0.928152501583099,0.928152501583099,0.0,0.928152501583099,0.928152501583099,True,480074702
root,0.992819845676422,0.992819845676422,0.992819845676422,0.0,0.992819845676422,0.992819845676422,True,480074702
P-mot,0.661664211103644,0.661664211103644,0.661664211103644,0.0,0.661664211103644,0.661664211103644,True,480074702
cbf,0.569197665032906,0.569197665032906,0.569197665032906,0.0,0.569197665032906,0.569197665032906,True,480074702
dscp,0.569338202476501,0.569338202476501,0.569338202476501,0.0,0.569338202476501,0.569338202476501,True,480074702
DR,0.997818350791931,0.997818350791931,0.997818350791931,0.0,0.997818350791931,0.997818350791931,True,480074702
MRN,0.96060957311609,0.96060957311609,0.96060957311609,0.0,0.96060957311609,0.96060957311609,True,480074702
IIIn,0.928152501583099,0.928152501583099,0.928152501583099,0.0,0.928152501583099,0.928152501583099,True,480074702
RAmb,0.997847914984359,0.997847914984359,0.997847914984359,0.0,0.997847914984359,0.997847914984359,True,480074702
Pa4,0.877476751804352,0.877476751804352,0.877476751804352,0.0,0.877476751804352,0.877476751804352,True,480074702
DTN,0.998429536819458,0.998429536819458,0.998429536819458,0.0,0.998429536819458,0.998429536819458,True,480074702
cbp,0.569197665032906,0.569197665032906,0.569197665032906,0.0,0.569197665032906,0.569197665032906,True,480074702
cm,0.928152512234452,0.928152512234452,0.928152512234452,0.0,0.928152512234452,0.928152512234452,True,480074702
MBmot,0.97829247075905,0.97829247075905,0.97829247075905,0.0,0.97829247075905,0.97829247075905,True,480074702
LDT,0.714337944984436,0.714337944984436,0.714337944984436,0.0,0.714337944984436,0.714337944984436,True,480074702
P-sat,0.71433792084255,0.71433792084255,0.71433792084255,0.0,0.71433792084255,0.71433792084255,True,480074702
Su3,1.0,1.0,1.0,0.0,1.0,1.0,True,480074702
AQ,0.387161642313004,0.387161642313004,0.387161642313004,0.0,0.387161642313004,0.387161642313004,True,480074702
VS,0.387161627927724,0.387161627927724,0.387161627927724,0.0,0.387161627927724,0.387161627927724,True,480074702
mfbsma,0.60340216421257,0.60340216421257,0.60340216421257,0.0,0.60340216421257,0.60340216421257,True,480074702
mfbs,0.60340216421257,0.60340216421257,0.60340216421257,0.0,0.60340216421257,0.60340216421257,True,480074702
tsp,0.194727224448826,0.194727224448826,0.194727224448826,0.0,0.194727224448826,0.194727224448826,True,480074702
tspc,0.192373186349869,0.192373186349869,0.192373186349869,0.0,0.192373186349869,0.192373186349869,True,480074702
dtd,0.334186345338821,0.334186345338821,0.334186345338821,0.0,0.334186345338821,0.334186345338821,True,480074702
mtg,0.603402137756348,0.603402137756348,0.603402137756348,0.0,0.603402137756348,0.603402137756348,True,480074702
RL,0.640855550765991,0.640855550765991,0.640855550765991,0.0,0.640855550765991,0.640855550765991,True,480074702
III,0.740388336110919,0.740388336110919,0.740388336110919,0.0,0.740388336110919,0.740388336110919,True,480074702
mfsbshy,0.60340216421257,0.60340216421257,0.60340216421257,0.0,0.60340216421257,0.60340216421257,True,480074702
eps,0.194727224448826,0.194727224448826,0.194727224448826,0.0,0.194727224448826,0.194727224448826,True,480074702
IF,0.634073555469513,0.634073555469513,0.634073555469513,0.0,0.634073555469513,0.634073555469513,True,480074702
IPDM,0.0066388011910021,0.0066388011910021,0.0066388011910021,0.0,0.0066388011910021,0.0066388011910021,True,480074702
RN,0.0266014751884105,0.0266014751884105,0.0266014751884105,0.0,0.0266014751884105,0.0266014751884105,True,480074702
IPA,0.619177103042603,0.619177103042603,0.619177103042603,0.0,0.619177103042603,0.619177103042603,True,480074702
CS,0.373158127069473,0.373158127069473,0.373158127069473,0.0,0.373158127069473,0.373158127069473,True,480074702
IPN,0.602036416530609,0.602036416530609,0.602036416530609,0.0,0.602036416530609,0.602036416530609,True,480074702
AAA,0.06044175879919939,0.06044175879919939,0.0630829872359754,0.057800529745872985,0.057800529745872985,0.0630829872359754,False,480074702
ACA,0.00402184659314018,0.00402184659314018,0.0037691675191788747,0.004274525667101482,0.004274525667101482,0.0037691675191788747,False,480074702
ACAd,0.004914612281594827,0.004914612281594827,0.004556466252747987,0.005272758310441672,0.005272758310441672,0.004556466252747987,False,480074702
ACAd1,0.01052690496358232,0.01052690496358232,0.010433873381225544,0.010619936397961249,0.010619936397961249,0.010433873381225544,False,480074702
ACAd2/3,0.0031603630914204734,0.0031603630914204734,0.0031553761219668985,0.003165350102062771,0.003165350102062771,0.0031553761219668985,False,480074702
ACAd5,0.0032678906405572065,0.0032678906405572065,0.0028079771588181606,0.003727804130903662,0.003727804130903662,0.0028079771588181606,False,480074702
ACAd6a,0.004384018041373208,0.004384018041373208,0.003651573671231713,0.005116462476144051,0.005116462476144051,0.003651573671231713,False,480074702
ACAd6b,0.005024663493820278,0.005024663493820278,0.005048323982555277,0.005001002883000167,0.005001002883000167,0.005048323982555277,False,480074702
ACAv,0.0028611593800783753,0.0028611593800783753,0.00274559819440432,0.0029767205657524206,0.0029767205657524206,0.00274559819440432,False,480074702
ACAv1,0.006948088046578879,0.006948088046578879,0.006701434828937608,0.007194741325838526,0.007194741325838526,0.006701434828937608,False,480074702
ACAv2/3,0.0022249870356968915,0.0022249870356968915,0.0023031891811114936,0.0021467848908481384,0.0021467848908481384,0.0023031891811114936,False,480074702
ACAv5,0.0014664430159552185,0.0014664430159552185,0.0013011716851906063,0.001631714363067241,0.001631714363067241,0.0013011716851906063,False,480074702
ACAv6a,0.002234630634970382,0.002234630634970382,0.00218496118468462,0.002284300082919771,0.002284300082919771,0.00218496118468462,False,480074702
ACAv6b,0.002715538480495138,0.002715538480495138,0.0024592162980455684,0.002971860690334417,0.002971860690334417,0.0024592162980455684,False,480074702
ACB,0.01429006415053221,0.01429006415053221,0.01408468928129879,0.014495438922634673,0.014495438922634673,0.01408468928129879,False,480074702
ACVII,0.005757764307063396,0.005757764307063396,0.004404765274375661,0.00711076332954688,0.00711076332954688,0.004404765274375661,False,480074702
AD,0.008287795170304684,0.008287795170304684,0.008799829633733196,0.00777576066037679,0.00777576066037679,0.008799829633733196,False,480074702
ADP,0.0012382454945040026,0.0012382454945040026,0.0010994426200340748,0.0013770483727057335,0.0013770483727057335,0.0010994426200340748,False,480074702
AHN,0.0053574283484880535,0.0053574283484880535,0.00575141904100743,0.004963437710011924,0.004963437710011924,0.00575141904100743,False,480074702
AI,0.035832033132896644,0.035832033132896644,0.036177587825004465,0.035486478440788796,0.035486478440788796,0.036177587825004465,False,480074702
AId,0.030937654841635392,0.030937654841635392,0.031178122490544892,0.030697187192725895,0.030697187192725895,0.031178122490544892,False,480074702
AId1,0.03578471088412914,0.03578471088412914,0.03626256203169762,0.035306859593401935,0.035306859593401935,0.03626256203169762,False,480074702
AId2/3,0.03059781353527487,0.03059781353527487,0.031253023733751224,0.02994260367886455,0.02994260367886455,0.031253023733751224,False,480074702
AId5,0.029400352820943318,0.029400352820943318,0.03002186797384641,0.028778837691061182,0.028778837691061182,0.03002186797384641,False,480074702
AId6a,0.03033973130295521,0.03033973130295521,0.029298077274415812,0.031381385661006775,0.031381385661006775,0.029298077274415812,False,480074702
AId6b,0.049064151168164205,0.049064151168164205,0.047939797296567055,0.05018850577762353,0.05018850577762353,0.047939797296567055,False,480074702
AIp,0.049097302198699296,0.049097302198699296,0.04925907284382359,0.04893553155357497,0.04893553155357497,0.04925907284382359,False,480074702
AIp1,0.04796781663998314,0.04796781663998314,0.04897006904648153,0.046965564547644986,0.046965564547644986,0.04897006904648153,False,480074702
AIp2/3,0.03955586553081334,0.03955586553081334,0.04016046793437683,0.03895126311951743,0.03895126311951743,0.04016046793437683,False,480074702
AIp5,0.05498537459577384,0.05498537459577384,0.05572757932241075,0.05424316986463971,0.05424316986463971,0.05572757932241075,False,480074702
AIp6a,0.05833545142225766,0.05833545142225766,0.05611940204762509,0.060551501174632,0.060551501174632,0.05611940204762509,False,480074702
AIp6b,0.033972245059685595,0.033972245059685595,0.028738519316539167,0.039205971034243704,0.039205971034243704,0.028738519316539167,False,480074702
AIv,0.02772396318026192,0.02772396318026192,0.02855305682772674,0.026894869532797065,0.026894869532797065,0.02855305682772674,False,480074702
AIv1,0.0318657177493631,0.0318657177493631,0.03382799348983092,0.029903441810529292,0.029903441810529292,0.03382799348983092,False,480074702
AIv2/3,0.021556824082265523,0.021556824082265523,0.022881300777314824,0.0202323473370598,0.0202323473370598,0.022881300777314824,False,480074702
AIv5,0.02698575119301889,0.02698575119301889,0.02763642118370619,0.02633508148719551,0.02633508148719551,0.02763642118370619,False,480074702
AIv6a,0.046524490291657256,0.046524490291657256,0.044747035096497786,0.04830194571586621,0.04830194571586621,0.044747035096497786,False,480074702
AIv6b,0.03247856847833453,0.03247856847833453,0.0300271557687665,0.034929980780361816,0.034929980780361816,0.0300271557687665,False,480074702
AM,0.012881543878188033,0.012881543878188033,0.014289253117586373,0.011473834638789687,0.011473834638789687,0.014289253117586373,False,480074702
AMB,0.0006247664514919457,0.0006247664514919457,0.0005903972539344015,0.00065913564904949,0.00065913564904949,0.0005903972539344015,False,480074702
AMBd,0.0008602322571375837,0.0008602322571375837,0.0009078073995368513,0.00081265711050943,0.00081265711050943,0.0009078073995368513,False,480074702
AMBv,0.00039653249231467265,0.00039653249231467265,0.00028273571297175536,0.0005103292656713001,0.0005103292656713001,0.00028273571297175536,False,480074702
AMd,0.012842420450565491,0.012842420450565491,0.014069682649414947,0.01161515825297098,0.01161515825297098,0.014069682649414947,False,480074702
AMv,0.012938992422276387,0.012938992422276387,0.01461166843582758,0.011266316408043025,0.011266316408043025,0.01461166843582758,False,480074702
AN,0.00029711990325094955,0.00029711990325094955,0.0003179633389153541,0.00027627646758654316,0.00027627646758654316,0.0003179633389153541,False,480074702
ANcr1,0.00037212940575149784,0.00037212940575149784,0.0004462621136553771,0.000297996698708561,0.000297996698708561,0.0004462621136553771,False,480074702
ANcr2,0.00021357139127965212,0.00021357139127965212,0.0001750591642956809,0.00025208361889646425,0.00025208361889646425,0.0001750591642956809,False,480074702
AOB,0.007704220526734441,0.007704220526734441,0.0082614115376916,0.007147029515777286,0.007147029515777286,0.0082614115376916,False,480074702
AOBgl,0.00253320655714316,0.00253320655714316,0.0024360631079616466,0.00263034997760768,0.00263034997760768,0.0024360631079616466,False,480074702
AOBgr,0.013258404390493675,0.013258404390493675,0.013607654790393988,0.01290915408753788,0.01290915408753788,0.013607654790393988,False,480074702
AOBmi,0.006172119775393606,0.006172119775393606,0.007258977916450237,0.005085261622490493,0.005085261622490493,0.007258977916450237,False,480074702
AON,0.04140018686570212,0.04140018686570212,0.04208486476916283,0.040715509025687914,0.040715509025687914,0.04208486476916283,False,480074702
AP,9.408078367309574e-05,9.408078367309574e-05,9.252393465429486e-05,9.563763196636634e-05,9.563763196636634e-05,9.252393465429486e-05,False,480074702
APN,0.014137079746812935,0.014137079746812935,0.014316706117205018,0.013957453578905168,0.013957453578905168,0.014316706117205018,False,480074702
APr,0.0006913508357173949,0.0006913508357173949,0.0006600682924499615,0.0007226333711059712,0.0007226333711059712,0.0006600682924499615,False,480074702
AQ,0.0010750823961839747,0.0010750823961839747,0.0009851372927641559,0.0011650281994661344,0.0011650281994661344,0.0009851372927641559,False,480074702
ARH,0.0011677005305879636,0.0011677005305879636,0.0012190100596853593,0.0011163909927062996,0.0011163909927062996,0.0012190100596853593,False,480074702
ASO,0.0053003914706830175,0.0053003914706830175,0.005425685953014158,0.005175097044411803,0.005175097044411803,0.005425685953014158,False,480074702
AT,0.020011028045199577,0.020011028045199577,0.022730655920167903,0.01729140033421571,0.01729140033421571,0.022730655920167903,False,480074702
ATN,0.012969105014469927,0.012969105014469927,0.013882890393838837,0.012055319635101017,0.012055319635101017,0.013882890393838837,False,480074702
AUD,0.0019869191418491364,0.0019869191418491364,0.001910094002771932,0.002063744280926338,0.002063744280926338,0.001910094002771932,False,480074702
AUDd,0.0015749640840764987,0.0015749640840764987,0.00143626088964726,0.001713667278505742,0.001713667278505742,0.00143626088964726,False,480074702
AUDd1,0.002522771719620048,0.002522771719620048,0.0019812525423048713,0.0030642909197922336,0.0030642909197922336,0.0019812525423048713,False,480074702
AUDd2/3,0.0005724294805364145,0.0005724294805364145,0.0005390886506574907,0.00060577031908904,0.00060577031908904,0.0005390886506574907,False,480074702
AUDd4,0.0007851922692330234,0.0007851922692330234,0.0009078129398858199,0.0006625715999689217,0.0006625715999689217,0.0009078129398858199,False,480074702
AUDd5,0.0016501532268023609,0.0016501532268023609,0.0014850890786874383,0.0018152173915268331,0.0018152173915268331,0.0014850890786874383,False,480074702
AUDd6a,0.002271480773979781,0.002271480773979781,0.00235487900699806,0.002188082506472685,0.002188082506472685,0.00235487900699806,False,480074702
AUDd6b,0.0045916015787290715,0.0045916015787290715,0.0037389308097772202,0.005444272347267514,0.005444272347267514,0.0037389308097772202,False,480074702
AUDp,0.001475521814522051,0.001475521814522051,0.0014481379213782805,0.0015029057076658154,0.0015029057076658154,0.0014481379213782805,False,480074702
AUDp1,0.001319069872051155,0.001319069872051155,0.001203110481378614,0.0014350292494781961,0.0014350292494781961,0.001203110481378614,False,480074702
AUDp2/3,0.0005352382720897542,0.0005352382720897542,0.0006540945243614045,0.0004163820234680091,0.0004163820234680091,0.0006540945243614045,False,480074702
AUDp4,0.0008907288786881223,0.0008907288786881223,0.001079722467693486,0.000701735300390247,0.000701735300390247,0.001079722467693486,False,480074702
AUDp5,0.0017249753444015794,0.0017249753444015794,0.0017038653568306292,0.0017460853141528527,0.0017460853141528527,0.0017038653568306292,False,480074702
AUDp6a,0.002543632788670712,0.002543632788670712,0.00234929569269294,0.0027379698871299934,0.0027379698871299934,0.00234929569269294,False,480074702
AUDp6b,0.004081359508753596,0.004081359508753596,0.0033037926099495603,0.004858926419353768,0.004858926419353768,0.0033037926099495603,False,480074702
AUDpo,0.0008415421893942413,0.0008415421893942413,0.0007393872924669174,0.0009436970863215598,0.0009436970863215598,0.0007393872924669174,False,480074702
AUDpo1,0.0008103991310542103,0.0008103991310542103,0.0006655528287410253,0.0009552454335789472,0.0009552454335789472,0.0006655528287410253,False,480074702
AUDpo2/3,0.00023690956825127835,0.00023690956825127835,0.0001820067758671897,0.00029181235549912023,0.00029181235549912023,0.0001820067758671897,False,480074702
AUDpo4,0.00039310629686795004,0.00039310629686795004,0.00040134848823071003,0.00038486410485345004,0.00038486410485345004,0.00040134848823071003,False,480074702
AUDpo5,0.0008016491893460332,0.0008016491893460332,0.0008247244346421001,0.0007785739529935896,0.0007785739529935896,0.0008247244346421001,False,480074702
AUDpo6a,0.001961124038310888,0.001961124038310888,0.00170209046918896,0.0022201576121005664,0.0022201576121005664,0.00170209046918896,False,480074702
AUDpo6b,0.0033355070194733814,0.0033355070194733814,0.00206650946056467,0.004604504554707461,0.004604504554707461,0.00206650946056467,False,480074702
AUDv,0.003252248054501906,0.003252248054501906,0.003166859059739269,0.003337637049264549,0.003337637049264549,0.003166859059739269,False,480074702
AUDv1,0.0028015100551538586,0.0028015100551538586,0.003234843862992396,0.0023681762682826587,0.0023681762682826587,0.003234843862992396,False,480074702
AUDv2/3,0.0009381023337969585,0.0009381023337969585,0.0010540814120758824,0.0008221232539426315,0.0008221232539426315,0.0010540814120758824,False,480074702
AUDv4,0.0017634753456444217,0.0017634753456444217,0.0019960372897912465,0.0015309133992559235,0.0015309133992559235,0.0019960372897912465,False,480074702
AUDv5,0.0037810622673383177,0.0037810622673383177,0.003767014919506537,0.0037951095655443965,0.0037951095655443965,0.003767014919506537,False,480074702
AUDv6a,0.006127277643106167,0.006127277643106167,0.00522297463758149,0.007031580627881307,0.007031580627881307,0.00522297463758149,False,480074702
AUDv6b,0.007929076600544661,0.007929076600544661,0.005522706655028719,0.010335446559110987,0.010335446559110987,0.005522706655028719,False,480074702
AV,0.014137475173476305,0.014137475173476305,0.015514519692246135,0.01276043061961329,0.01276043061961329,0.015514519692246135,False,480074702
AVP,0.0018088104729189975,0.0018088104729189975,0.001636633712458898,0.0019809872292170985,0.0019809872292170985,0.001636633712458898,False,480074702
AVPV,0.0011474172370180059,0.0011474172370180059,0.001104731177625207,0.0011901032910145385,0.0011901032910145385,0.001104731177625207,False,480074702
Acs5,0.0009074931105388142,0.0009074931105388142,0.00124950176614217,0.00056548444408688,0.00056548444408688,0.00124950176614217,False,480074702
B,0.014123270891507009,0.014123270891507009,0.01405229947122277,0.014194242337543938,0.014194242337543938,0.01405229947122277,False,480074702
BA,0.016546668082712015,0.016546668082712015,0.016404729788155204,0.01668860623612998,0.01668860623612998,0.016404729788155204,False,480074702
BAC,0.013759402006954408,0.013759402006954408,0.01392595787183378,0.013592846132814862,0.013592846132814862,0.01392595787183378,False,480074702
BLA,0.03796737558677001,0.03796737558677001,0.03905940613854816,0.03687534503499183,0.03687534503499183,0.03905940613854816,False,480074702
BLAa,0.033886155198181285,0.033886155198181285,0.03462623201776292,0.03314607852232427,0.03314607852232427,0.03462623201776292,False,480074702
BLAp,0.040459061443175307,0.040459061443175307,0.04166793096228499,0.0392501916503534,0.0392501916503534,0.04166793096228499,False,480074702
BLAv,0.041230737289229484,0.041230737289229484,0.04277043305701221,0.03969104158459233,0.03969104158459233,0.04277043305701221,False,480074702
BMA,0.024404772926207515,0.024404772926207515,0.02506713296856594,0.023742412883849116,0.023742412883849116,0.02506713296856594,False,480074702
BMAa,0.031762339566407484,0.031762339566407484,0.03252820127090667,0.030996477725011583,0.030996477725011583,0.03252820127090667,False,480074702
BMAp,0.01653819977023423,0.01653819977023423,0.01708989813196237,0.015986501601491898,0.015986501601491898,0.01708989813196237,False,480074702
BS,0.009172298354137163,0.009172298354137163,0.009634624296591881,0.00871010011037608,0.00871010011037608,0.009634624296591881,False,480074702
BST,0.013534796344513449,0.013534796344513449,0.013960611307993509,0.01310898143251506,0.01310898143251506,0.013960611307993509,False,480074702
CA,0.0015122720343950999,0.0015122720343950999,0.001656844742772011,0.0013676993260181914,0.0013676993260181914,0.001656844742772011,False,480074702
CA1,0.0022386648030849245,0.0022386648030849245,0.002406947276159586,0.0020703823222309745,0.0020703823222309745,0.002406947276159586,False,480074702
CA2,0.0008246963515563087,0.0008246963515563087,0.0010574085686513722,0.0005919841430089524,0.0005919841430089524,0.0010574085686513722,False,480074702
CA3,0.0003825518866105392,0.0003825518866105392,0.00048184739841869933,0.0002832563731743638,0.0002832563731743638,0.00048184739841869933,False,480074702
CB,0.00042910550138252224,0.00042910550138252224,0.0004421220266067061,0.00041608897702188473,0.00041608897702188473,0.0004421220266067061,False,480074702
CBN,0.0027271864116357866,0.0027271864116357866,0.0026039480928889656,0.002850424730382614,0.002850424730382614,0.0026039480928889656,False,480074702
CBX,0.000303918410898849,0.000303918410898849,0.0003255122306010323,0.0002823245911966625,0.0002823245911966625,0.0003255122306010323,False,480074702
CEA,0.037487157308405065,0.037487157308405065,0.037828032787345665,0.03714628182946451,0.03714628182946451,0.037828032787345665,False,480074702
CEAc,0.04220466695716983,0.04220466695716983,0.04337415803529436,0.041035176161676665,0.041035176161676665,0.04337415803529436,False,480074702
CEAl,0.04487564971343293,0.04487564971343293,0.04375697822542865,0.045994321043326625,0.045994321043326625,0.04375697822542865,False,480074702
CEAm,0.032971392296556226,0.032971392296556226,0.033476302698181803,0.03246648209047011,0.03246648209047011,0.033476302698181803,False,480074702
CENT,0.00039478304737420244,0.00039478304737420244,0.00038044756127165904,0.0004091185334767457,0.0004091185334767457,0.00038044756127165904,False,480074702
CENT2,0.0006285681448288199,0.0006285681448288199,0.0006043528028840067,0.0006527834880216542,0.0006527834880216542,0.0006043528028840067,False,480074702
CENT3,0.00028097666604701095,0.00028097666604701095,0.0002714506885922532,0.0002905026436451341,0.0002905026436451341,0.0002714506885922532,False,480074702
CH,0.014063901585151273,0.014063901585151273,0.014142504819205703,0.013985515673767702,0.013985515673767702,0.014142504819205703,False,480074702
CL,0.010414569821306254,0.010414569821306254,0.011498541116134202,0.009330598505073319,0.009330598505073319,0.011498541116134202,False,480074702
CLA,0.031220087851829153,0.031220087851829153,0.029885528289901164,0.03255464721851241,0.03255464721851241,0.029885528289901164,False,480074702
CLI,0.1539166391808022,0.1539166391808022,0.15687734414823346,0.1510559781687333,0.1510559781687333,0.15687734414823346,False,480074702
CM,0.017265479811215952,0.017265479811215952,0.0177845652971882,0.01674639406264758,0.01674639406264758,0.0177845652971882,False,480074702
CN,0.007371502787268059,0.007371502787268059,0.006562815186202589,0.008180190388333538,0.008180190388333538,0.006562815186202589,False,480074702
CNU,0.014156586390206258,0.014156586390206258,0.01420530009555115,0.014107872684861366,0.014107872684861366,0.01420530009555115,False,480074702
COA,0.018180859407847097,0.018180859407847097,0.019235511227516832,0.01712620758817735,0.01712620758817735,0.019235511227516832,False,480074702
COAa,0.03312906973295806,0.03312906973295806,0.033374026856984075,0.03288411264366001,0.03288411264366001,0.033374026856984075,False,480074702
COAp,0.013587632496090683,0.013587632496090683,0.014891084390385478,0.012284180601795883,0.012284180601795883,0.014891084390385478,False,480074702
COApl,0.01686498063967433,0.01686498063967433,0.01789682918656579,0.015833132303123394,0.015833132303123394,0.01789682918656579,False,480074702
COApm,0.010545594302015992,0.010545594302015992,0.012101148642068429,0.008990039817285808,0.008990039817285808,0.012101148642068429,False,480074702
COPY,0.0005031120994392914,0.0005031120994392914,0.0006595985674948317,0.0003466256302658281,0.0003466256302658281,0.0006595985674948317,False,480074702
CP,0.007212056532547015,0.007212056532547015,0.006914955917312652,0.007509157160256998,0.007509157160256998,0.006914955917312652,False,480074702
CS,0.0051985814098034315,0.0051985814098034315,0.005836373069178046,0.004560794732969937,0.004560794732969937,0.005836373069178046,False,480074702
CTX,0.014039912879046525,0.014039912879046525,0.014125860145720644,0.01395423890076913,0.01395423890076913,0.014125860145720644,False,480074702
CTXpl,0.013236416599415018,0.013236416599415018,0.01331935762059248,0.01315375117474533,0.01315375117474533,0.01331935762059248,False,480074702
CTXsp,0.03304897313302608,0.03304897313302608,0.03319800402722561,0.03289994244642005,0.03289994244642005,0.03319800402722561,False,480074702
CU,0.002485596092375473,0.002485596092375473,0.0030617040226694,0.001909488139307291,0.001909488139307291,0.0030617040226694,False,480074702
CUL,0.0002541413067304526,0.0002541413067304526,0.0002437309649044531,0.0002645516485564554,0.0002645516485564554,0.0002437309649044531,False,480074702
"CUL4, 5",0.0002541413060265961,0.0002541413060265961,0.00024373095993721004,0.000264551651412129,0.000264551651412129,0.00024373095993721004,False,480074702
CUN,0.0044176073872150565,0.0044176073872150565,0.004734406082934548,0.004100808722751001,0.004100808722751001,0.004734406082934548,False,480074702
DCN,0.002642224192668657,0.002642224192668657,0.00305916374643141,0.002225284638905906,0.002225284638905906,0.00305916374643141,False,480074702
DCO,0.010094675306274678,0.010094675306274678,0.008433472380989893,0.011755878298640696,0.011755878298640696,0.008433472380989893,False,480074702
DEC,8.044375504164167e-05,8.044375504164167e-05,9.237233977471172e-05,6.851517096747805e-05,6.851517096747805e-05,9.237233977471172e-05,False,480074702
DG,0.0008248721831800675,0.0008248721831800675,0.0008367232535472609,0.0008130211128128773,0.0008130211128128773,0.0008367232535472609,False,480074702
DG-mo,0.001214334846576419,0.001214334846576419,0.0012196814845082916,0.0012089882227882983,0.0012089882227882983,0.0012196814845082916,False,480074702
DG-po,9.764719326716335e-05,9.764719326716335e-05,0.0001386866395504234,5.660774647039807e-05,5.660774647039807e-05,0.0001386866395504234,False,480074702
DG-sg,9.045349701352453e-05,9.045349701352453e-05,0.0001072837693300139,7.36232253306562e-05,7.36232253306562e-05,0.0001072837693300139,False,480074702
DMH,0.0034964563852671526,0.0034964563852671526,0.0034785173029376623,0.003514395498950734,0.003514395498950734,0.0034785173029376623,False,480074702
DMX,0.0008636113893251637,0.0008636113893251637,0.0009538210864775114,0.0007734016729045547,0.0007734016729045547,0.0009538210864775114,False,480074702
DN,0.003976143869779961,0.003976143869779961,0.0036896131192406534,0.004262674644087364,0.004262674644087364,0.0036896131192406534,False,480074702
DORpm,0.013047861668288899,0.013047861668288899,0.013856001655421706,0.012239721681156095,0.012239721681156095,0.013856001655421706,False,480074702
DORsm,0.009053917589339095,0.009053917589339095,0.009490411380535902,0.008617423798142296,0.008617423798142296,0.009490411380535902,False,480074702
DP,0.02300972397817536,0.02300972397817536,0.021511036962510822,0.024508410943440105,0.024508410943440105,0.021511036962510822,False,480074702
DR,0.1447311700065707,0.1447311700065707,0.15108045218512417,0.13854122310876832,0.13854122310876832,0.15108045218512417,False,480074702
DT,0.010698339975142522,0.010698339975142522,0.01202060764335328,0.00937607235267702,0.00937607235267702,0.01202060764335328,False,480074702
DTN,0.0026852875186748216,0.0026852875186748216,0.0033291937519606906,0.0020413831907034044,0.0020413831907034044,0.0033291937519606906,False,480074702
ECT,0.01701851949701432,0.01701851949701432,0.016578298560979525,0.017458740433049118,0.017458740433049118,0.016578298560979525,False,480074702
ECT1,0.01991911165500105,0.01991911165500105,0.02122680114553078,0.018611422013691446,0.018611422013691446,0.02122680114553078,False,480074702
ECT2/3,0.013916641583984328,0.013916641583984328,0.014151674712069028,0.01368160837049232,0.01368160837049232,0.014151674712069028,False,480074702
ECT5,0.016847579110934652,0.016847579110934652,0.016534230343677327,0.017160927868235372,0.017160927868235372,0.016534230343677327,False,480074702
ECT6a,0.019511787765511313,0.019511787765511313,0.017596990156744114,0.021426585204972055,0.021426585204972055,0.017596990156744114,False,480074702
ECT6b,0.014478456722019702,0.014478456722019702,0.009525107748345352,0.019431805698695813,0.019431805698695813,0.009525107748345352,False,480074702
ECU,0.001861230051120876,0.001861230051120876,0.0021716567449402407,0.0015508033696278111,0.0015508033696278111,0.0021716567449402407,False,480074702
ENT,0.012859487900279992,0.012859487900279992,0.01290075189317241,0.012818223907387575,0.012818223907387575,0.01290075189317241,False,480074702
ENTl,0.020254712341231114,0.020254712341231114,0.02049734995681423,0.020012074725648005,0.020012074725648005,0.02049734995681423,False,480074702
ENTl1,0.022116463899181527,0.022116463899181527,0.02390473807463417,0.020328189517204,0.020328189517204,0.02390473807463417,False,480074702
ENTl2,0.014967173633117335,0.014967173633117335,0.01459200510288318,0.015342341958989167,0.015342341958989167,0.01459200510288318,False,480074702
ENTl3,0.020740557298557557,0.020740557298557557,0.021618761717036195,0.019862352907512048,0.019862352907512048,0.021618761717036195,False,480074702
ENTl5,0.027556766276258384,0.027556766276258384,0.02816477211235907,0.02694876007735724,0.02694876007735724,0.02816477211235907,False,480074702
ENTl6a,0.01604713074366193,0.01604713074366193,0.01449579134205122,0.0175984700937988,0.0175984700937988,0.01449579134205122,False,480074702
ENTm,0.0034613465116620076,0.0034613465116620076,0.0032466970034704507,0.0036759960198535684,0.0036759960198535684,0.0032466970034704507,False,480074702
ENTm1,0.007717871355789769,0.007717871355789769,0.007376871118321984,0.008058871638604605,0.008058871638604605,0.007376871118321984,False,480074702
ENTm2,0.0023433822592503024,0.0023433822592503024,0.002200585704625754,0.0024861788120379967,0.0024861788120379967,0.002200585704625754,False,480074702
ENTm3,0.0014387743622876112,0.0014387743622876112,0.0013694433881937308,0.0015081053447829236,0.0015081053447829236,0.0013694433881937308,False,480074702
ENTm5,0.0019154755163000893,0.0019154755163000893,0.0017605515207961056,0.0020703995040591075,0.0020703995040591075,0.0017605515207961056,False,480074702
ENTm6,0.0026535387501468335,0.0026535387501468335,0.0022299683505737355,0.0030771091717539502,0.0030771091717539502,0.0022299683505737355,False,480074702
EP,0.048562423794679004,0.048562423794679004,0.04798527970376014,0.049139567885597854,0.049139567885597854,0.04798527970376014,False,480074702
EPI,0.006942600897725368,0.006942600897725368,0.008369669759509538,0.005515532035941201,0.005515532035941201,0.008369669759509538,False,480074702
EPd,0.04903648934771662,0.04903648934771662,0.04729987646496739,0.05077310227106868,0.05077310227106868,0.04729987646496739,False,480074702
EPv,0.04767553553616488,0.04767553553616488,0.04926754214411626,0.04608352909372117,0.04608352909372117,0.04926754214411626,False,480074702
EW,0.028848169961908168,0.028848169961908168,0.036080236469933864,0.02161610336625015,0.02161610336625015,0.036080236469933864,False,480074702
Eth,0.0066330945547766525,0.0066330945547766525,0.007212843582010438,0.006053345514101221,0.006053345514101221,0.007212843582010438,False,480074702
FC,0.0008117653349377651,0.0008117653349377651,0.0008247400250652789,0.0007987906428581817,0.0007987906428581817,0.0008247400250652789,False,480074702
FF,0.009252933889154805,0.009252933889154805,0.01050766179550348,0.00799820594693297,0.00799820594693297,0.01050766179550348,False,480074702
FL,0.0007214108802032096,0.0007214108802032096,0.0008188934484905612,0.00062392830927819,0.00062392830927819,0.0008188934484905612,False,480074702
FN,0.002415149790990596,0.002415149790990596,0.0024249126564427396,0.0024053869456110667,0.0024053869456110667,0.0024249126564427396,False,480074702
FOTU,0.00033565398207609264,0.00033565398207609264,0.00034356803228091426,0.00032773992610939714,0.00032773992610939714,0.00034356803228091426,False,480074702
FRP,0.015501940336384492,0.015501940336384492,0.015520271269404085,0.015483609403364884,0.015483609403364884,0.015520271269404085,False,480074702
FRP1,0.02186441643908027,0.02186441643908027,0.022684282825616704,0.021044549952443932,0.021044549952443932,0.022684282825616704,False,480074702
FRP2/3,0.014525644352868178,0.014525644352868178,0.014684408502216681,0.014366880146428687,0.014366880146428687,0.014684408502216681,False,480074702
FRP5,0.012338817970748506,0.012338817970748506,0.01233483133255502,0.012342804683066769,0.012342804683066769,0.01233483133255502,False,480074702
FRP6a,0.01342865539856958,0.01342865539856958,0.011418328496802107,0.015438982080660657,0.015438982080660657,0.011418328496802107,False,480074702
FRP6b,0.018713929450041786,0.018713929450041786,0.016266251647903098,0.021161607397880238,0.021161607397880238,0.016266251647903098,False,480074702
FS,0.050696114660173895,0.050696114660173895,0.05207255831535349,0.04931967082279552,0.04931967082279552,0.05207255831535349,False,480074702
GENd,0.017844582931485903,0.017844582931485903,0.017364970443391924,0.01832419541957989,0.01832419541957989,0.017364970443391924,False,480074702
GENv,0.01648557924130884,0.01648557924130884,0.01589052920247046,0.017080629280147218,0.017080629280147218,0.01589052920247046,False,480074702
GPe,0.009077961080378715,0.009077961080378715,0.010607319047437575,0.007548603068789775,0.007548603068789775,0.010607319047437575,False,480074702
GPi,0.011949160283125511,0.011949160283125511,0.012499229552122404,0.011399090928898636,0.011399090928898636,0.012499229552122404,False,480074702
GR,0.0032814549378222353,0.0032814549378222353,0.003048796364419093,0.0035141135287631133,0.0035141135287631133,0.003048796364419093,False,480074702
GRN,0.002831591960891653,0.002831591960891653,0.0031357089569574474,0.00252747496542438,0.00252747496542438,0.0031357089569574474,False,480074702
GU,0.03903056811632826,0.03903056811632826,0.03940273752709424,0.03865839870556227,0.03865839870556227,0.03940273752709424,False,480074702
GU1,0.04020740909854335,0.04020740909854335,0.04101147849287373,0.03940334033832186,0.03940334033832186,0.04101147849287373,False,480074702
GU2/3,0.03665799959430652,0.03665799959430652,0.03719697013864333,0.03611902862373882,0.03611902862373882,0.03719697013864333,False,480074702
GU4,0.04277530375785452,0.04277530375785452,0.04426822673995049,0.041282381299950564,0.041282381299950564,0.04426822673995049,False,480074702
GU5,0.033460901106898665,0.033460901106898665,0.03358192187733946,0.03333988021549887,0.03333988021549887,0.03358192187733946,False,480074702
GU6a,0.04383318124978844,0.04383318124978844,0.0440520938485861,0.04361426852919978,0.04361426852919978,0.0440520938485861,False,480074702
GU6b,0.06707364242553043,0.06707364242553043,0.06460089487954976,0.06954639000468887,0.06954639000468887,0.06460089487954976,False,480074702
HATA,0.0007257016279109859,0.0007257016279109859,0.000638555611271812,0.0008128476534608141,0.0008128476534608141,0.000638555611271812,False,480074702
HB,0.003956428791743413,0.003956428791743413,0.003973671044823935,0.0039392176077450046,0.0039392176077450046,0.003973671044823935,False,480074702
HEM,0.0003235139379567494,0.0003235139379567494,0.00036169517924337956,0.00028533269667011966,0.00028533269667011966,0.00036169517924337956,False,480074702
HIP,0.0013763594167026912,0.0013763594167026912,0.0014690132841938554,0.0012837055492115293,0.0012837055492115293,0.0014690132841938554,False,480074702
HPF,0.004481347071727812,0.004481347071727812,0.0045703351974225,0.004392358945460706,0.004392358945460706,0.0045703351974225,False,480074702
HY,0.012089987437315259,0.012089987437315259,0.012950040727810117,0.011229934351285912,0.011229934351285912,0.012950040727810117,False,480074702
I5,0.002042886973081766,0.002042886973081766,0.0019654882198665,0.0021202857446041595,0.0021202857446041595,0.0019654882198665,False,480074702
IA,0.040220993412466384,0.040220993412466384,0.040544079431856464,0.039897907330032484,0.039897907330032484,0.040544079431856464,False,480074702
IAD,0.015209178699871009,0.015209178699871009,0.01671583269271647,0.013702524638210875,0.013702524638210875,0.01671583269271647,False,480074702
IAM,0.018695743304691873,0.018695743304691873,0.019111842127313112,0.0182796443463303,0.0182796443463303,0.019111842127313112,False,480074702
IB,0.01188604546326216,0.01188604546326216,0.012640298108676626,0.011131792817847694,0.011131792817847694,0.012640298108676626,False,480074702
IC,0.00334536241433029,0.00334536241433029,0.0030247300074040485,0.0036659948212565234,0.0036659948212565234,0.0030247300074040485,False,480074702
ICB,0.0021096540920110033,0.0021096540920110033,0.0019056411016890457,0.0023136670788517,0.0023136670788517,0.0019056411016890457,False,480074702
ICc,0.0017393415448361063,0.0017393415448361063,0.001779247405482896,0.0016994356778496662,0.0016994356778496662,0.001779247405482896,False,480074702
ICd,0.003402844347622194,0.003402844347622194,0.00335026365367667,0.0034554250568845516,0.0034554250568845516,0.00335026365367667,False,480074702
ICe,0.004214054937314156,0.004214054937314156,0.00351199500064252,0.00491611486941961,0.00491611486941961,0.00351199500064252,False,480074702
IF,0.04522481442509256,0.04522481442509256,0.04502334085700567,0.04542625395988579,0.04542625395988579,0.04502334085700567,False,480074702
IG,0.012291644192226042,0.012291644192226042,0.00967084075091405,0.01491244760982222,0.01491244760982222,0.00967084075091405,False,480074702
IGL,0.016513414861794796,0.016513414861794796,0.015639690937859975,0.017387138785215892,0.017387138785215892,0.015639690937859975,False,480074702
III,0.013878030126728244,0.013878030126728244,0.014539563676194,0.013216529677652012,0.013216529677652012,0.014539563676194,False,480074702
IIIn,0.013121814112278645,0.013121814112278645,0.0140727691570646,0.01217272590438366,0.01217272590438366,0.0140727691570646,False,480074702
IIn,0.002134580261762743,0.002134580261762743,0.00199730794993224,0.00227185255789658,0.00227185255789658,0.00199730794993224,False,480074702
ILA,0.012569184948309203,0.012569184948309203,0.013053574638452437,0.012084795258165963,0.012084795258165963,0.013053574638452437,False,480074702
ILA1,0.018845827897827287,0.018845827897827287,0.021031785566083257,0.01665987032320116,0.01665987032320116,0.021031785566083257,False,480074702
ILA2/3,0.009129431008774185,0.009129431008774185,0.010785395494895031,0.0074734666583935695,0.0074734666583935695,0.010785395494895031,False,480074702
ILA5,0.009312798608432106,0.009312798608432106,0.00952294713933951,0.0091026499867439,0.0091026499867439,0.00952294713933951,False,480074702
ILA6a,0.015410780537184436,0.015410780537184436,0.014349845133256139,0.01647171608638014,0.01647171608638014,0.014349845133256139,False,480074702
ILA6b,0.016963879726213583,0.016963879726213583,0.01621126122336135,0.0177164982465911,0.0177164982465911,0.01621126122336135,False,480074702
ILM,0.011953244991287424,0.011953244991287424,0.012755497326645993,0.011150992655928862,0.011150992655928862,0.012755497326645993,False,480074702
IMD,0.026205589350541684,0.026205589350541684,0.027661185427677974,0.024749993401951532,0.024749993401951532,0.027661185427677974,False,480074702
INC,0.004511501932087287,0.004511501932087287,0.005076788234873642,0.003946215618418557,0.003946215618418557,0.005076788234873642,False,480074702
IO,0.00030977190676583367,0.00030977190676583367,0.00037609259129849093,0.00024345122036491568,0.00024345122036491568,0.00037609259129849093,False,480074702
IP,0.002239198136552742,0.002239198136552742,0.002103944730447401,0.002374451558353019,0.002374451558353019,0.002103944730447401,False,480074702
IPA,0.004240589443538448,0.004240589443538448,0.003356698381685394,0.0051241611485238195,0.0051241611485238195,0.003356698381685394,False,480074702
IPC,0.0008748454339894154,0.0008748454339894154,0.0010199225211635615,0.0007297683447262372,0.0007297683447262372,0.0010199225211635615,False,480074702
IPDL,0.0008260071612319121,0.0008260071612319121,0.0009450246953178629,0.0007069896229949888,0.0007069896229949888,0.0009450246953178629,False,480074702
IPDM,0.004402707393097824,0.004402707393097824,0.003361141186815043,0.005444272456054462,0.005444272456054462,0.003361141186815043,False,480074702
IPI,0.0012908294863989555,0.0012908294863989555,0.0017195927284773967,0.0008620662382326884,0.0008620662382326884,0.0017195927284773967,False,480074702
IPL,0.0017482952985962293,0.0017482952985962293,0.0021245683005872338,0.0013720222941628554,0.0013720222941628554,0.0021245683005872338,False,480074702
IPN,0.0020572391008760204,0.0020572391008760204,0.0020571987639413786,0.002057269019860497,0.002057269019860497,0.0020571987639413786,False,480074702
IPR,0.001786058933121209,0.001786058933121209,0.0017820152559579246,0.001790102603990773,0.001790102603990773,0.0017820152559579246,False,480074702
IPRL,0.0067376398480883904,0.0067376398480883904,0.006340873709996196,0.007134405966462488,0.007134405966462488,0.006340873709996196,False,480074702
IRN,0.0017910978688905296,0.0017910978688905296,0.001963270211069795,0.0016189243270502804,0.0016189243270502804,0.001963270211069795,False,480074702
ISN,0.001573366914173283,0.001573366914173283,0.001510009715814419,0.0016367241099942398,0.0016367241099942398,0.001510009715814419,False,480074702
IV,0.22037464175383006,0.22037464175383006,0.22286762092262494,0.21789560983888806,0.21789560983888806,0.22286762092262494,False,480074702
IVn,0.013584638301755022,0.013584638301755022,0.016105742877698483,0.01106353376526384,0.01106353376526384,0.016105742877698483,False,480074702
In,0.0030301867679633845,0.0030301867679633845,0.003130254219011471,0.00293093409539111,0.00293093409539111,0.003130254219011471,False,480074702
IntG,0.01091695702046743,0.01091695702046743,0.009064832288004247,0.01276908164290943,0.01276908164290943,0.009064832288004247,False,480074702
Isocortex,0.012069987671165712,0.012069987671165712,0.011936761454471211,0.012203213887860224,0.012203213887860224,0.011936761454471211,False,480074702
KF,0.006335813644771432,0.006335813644771432,0.006139690000964002,0.0065319372835801704,0.0065319372835801704,0.006139690000964002,False,480074702
LA,0.011664269230193572,0.011664269230193572,0.01153694035601802,0.011791598012860022,0.011791598012860022,0.01153694035601802,False,480074702
LAT,0.008663518692852822,0.008663518692852822,0.009177047838025938,0.008149989547679707,0.008149989547679707,0.009177047838025938,False,480074702
LAV,0.0022024272984281106,0.0022024272984281106,0.002282214708058856,0.0021226398931503024,0.0021226398931503024,0.002282214708058856,False,480074702
LC,0.015432859462368649,0.015432859462368649,0.015892405911722536,0.014973312860820409,0.014973312860820409,0.015892405911722536,False,480074702
LD,0.012778571609174613,0.012778571609174613,0.013323266836414388,0.012233876407208286,0.012233876407208286,0.013323266836414388,False,480074702
LDT,0.01756525313637438,0.01756525313637438,0.018676326603235767,0.016454226087080283,0.016454226087080283,0.018676326603235767,False,480074702
LGd,0.026815121895764,0.026815121895764,0.026241140840708756,0.027389102950819266,0.027389102950819266,0.026241140840708756,False,480074702
LGd-co,0.02705974872480094,0.02705974872480094,0.026195701761207633,0.027923795518654492,0.027923795518654492,0.026195701761207633,False,480074702
LGd-ip,0.029403966587456275,0.029403966587456275,0.029702582121831245,0.029105351299585847,0.029105351299585847,0.029702582121831245,False,480074702
LGd-sh,0.02512349237152894,0.02512349237152894,0.024732572658831473,0.02551441187758079,0.02551441187758079,0.024732572658831473,False,480074702
LGv,0.017792519036738518,0.017792519036738518,0.0172919058147069,0.018293132343023856,0.018293132343023856,0.0172919058147069,False,480074702
LH,0.009033342993112056,0.009033342993112056,0.0111142393466707,0.006952446675859386,0.006952446675859386,0.0111142393466707,False,480074702
LHA,0.03308983027821356,0.03308983027821356,0.03550669864562222,0.030672962108656044,0.030672962108656044,0.03550669864562222,False,480074702
LIN,0.001294950214099238,0.001294950214099238,0.00135287565935866,0.0012370247584840175,0.0012370247584840175,0.00135287565935866,False,480074702
LING,0.0014243205455475555,0.0014243205455475555,0.0011728006750159133,0.0016758404203158991,0.0016758404203158991,0.0011728006750159133,False,480074702
LM,0.016083089208303224,0.016083089208303224,0.01952727583484373,0.012638902529579337,0.012638902529579337,0.01952727583484373,False,480074702
LP,0.012101748521032178,0.012101748521032178,0.01285828612783461,0.011345210897695756,0.011345210897695756,0.01285828612783461,False,480074702
LPO,0.01308538115275449,0.01308538115275449,0.01326877639803568,0.012901985977555324,0.012901985977555324,0.01326877639803568,False,480074702
LRN,0.0011008838114143227,0.0011008838114143227,0.001263235171390601,0.0009385324648568019,0.0009385324648568019,0.001263235171390601,False,480074702
LRNm,0.0011610246599376016,0.0011610246599376016,0.001325343423195566,0.0009967059116206393,0.0009967059116206393,0.001325343423195566,False,480074702
LRNp,0.0005585863378546342,0.0005585863378546342,0.0007031973540506185,0.00041397532041977136,0.00041397532041977136,0.0007031973540506185,False,480074702
LS,0.0015769914860640733,0.0015769914860640733,0.0016502700611861318,0.0015037129109420181,0.0015037129109420181,0.0016502700611861318,False,480074702
LSX,0.001604401987783846,0.001604401987783846,0.001695314913313353,0.0015134890622543278,0.0015134890622543278,0.001695314913313353,False,480074702
LSc,0.001734923766760216,0.001734923766760216,0.0016895231499802206,0.001780324384563399,0.001780324384563399,0.0016895231499802206,False,480074702
LSr,0.001819744766335601,0.001819744766335601,0.001972110828527437,0.0016673787234367267,0.0016673787234367267,0.001972110828527437,False,480074702
LSv,0.0006780794783041437,0.0006780794783041437,0.000616405598748294,0.0007397533548555322,0.0007397533548555322,0.000616405598748294,False,480074702
LT,0.016423254991595235,0.016423254991595235,0.015755291182722404,0.0170912189700175,0.0170912189700175,0.015755291182722404,False,480074702
LZ,0.020883544316555265,0.020883544316555265,0.02240684367372705,0.01936024495938346,0.01936024495938346,0.02240684367372705,False,480074702
MA,0.05326614506384834,0.05326614506384834,0.05488674988009736,0.05164554060083899,0.05164554060083899,0.05488674988009736,False,480074702
MA3,0.019581127730914083,0.019581127730914083,0.019413502007000705,0.01974875347223132,0.01974875347223132,0.019413502007000705,False,480074702
MARN,0.0028319790848107857,0.0028319790848107857,0.0029123144513277673,0.002751643732153741,0.002751643732153741,0.0029123144513277673,False,480074702
MB,0.013330886947165199,0.013330886947165199,0.01409064453036989,0.01257150971796361,0.01257150971796361,0.01409064453036989,False,480074702
MBO,0.01204995009801733,0.01204995009801733,0.013425402243657333,0.010674497952377331,0.010674497952377331,0.013425402243657333,False,480074702
MBmot,0.014045567657999783,0.014045567657999783,0.01493422056755385,0.013157273995593738,0.013157273995593738,0.01493422056755385,False,480074702
MBsen,0.004801580675383637,0.004801580675383637,0.004753033079863751,0.004850128270903538,0.004850128270903538,0.004753033079863751,False,480074702
MBsta,0.024496632467739175,0.024496632467739175,0.025165291443656052,0.023829467548838072,0.023829467548838072,0.025165291443656052,False,480074702
MD,0.01468861922421016,0.01468861922421016,0.01626360055488475,0.013113637852075023,0.013113637852075023,0.01626360055488475,False,480074702
MDRN,0.0014408893450935762,0.0014408893450935762,0.00160075383797429,0.0012810284776890624,0.0012810284776890624,0.00160075383797429,False,480074702
MDRNd,0.0016283253008241617,0.0016283253008241617,0.0018122999872300222,0.0014443540576621328,0.0014443540576621328,0.0018122999872300222,False,480074702
MDRNv,0.0012184186229944078,0.0012184186229944078,0.0013496657540485787,0.0010871753040191663,0.0010871753040191663,0.0013496657540485787,False,480074702
ME,0.00045609918507738567,0.00045609918507738567,0.00041350997944389074,0.0004986883933724844,0.0004986883933724844,0.00041350997944389074,False,480074702
MEA,0.014226622574502152,0.014226622574502152,0.015110908876886223,0.013342336358300561,0.013342336358300561,0.015110908876886223,False,480074702
MED,0.021022409229927035,0.021022409229927035,0.02246123257780645,0.019583585882047623,0.019583585882047623,0.02246123257780645,False,480074702
MEPO,0.0021606709369316047,0.0021606709369316047,0.002689202117461942,0.0016321397495630493,0.0016321397495630493,0.002689202117461942,False,480074702
MEV,0.020720272945003584,0.020720272945003584,0.023471366603189374,0.01796917947751806,0.01796917947751806,0.023471366603189374,False,480074702
MEZ,0.007512117580803043,0.007512117580803043,0.008122375895440747,0.006901859266165347,0.006901859266165347,0.008122375895440747,False,480074702
MG,0.008585871892404512,0.008585871892404512,0.008203659493217764,0.008968084291591249,0.008968084291591249,0.008203659493217764,False,480074702
MGd,0.009769403155515412,0.009769403155515412,0.009192476332464119,0.01034633006347574,0.01034633006347574,0.009192476332464119,False,480074702
MGm,0.0068912736962399865,0.0068912736962399865,0.007134722161283353,0.0066478252940214465,0.0066478252940214465,0.007134722161283353,False,480074702
MGv,0.009379224352871656,0.009379224352871656,0.008552415370172628,0.01020603342030879,0.01020603342030879,0.008552415370172628,False,480074702
MH,0.004690559165440024,0.004690559165440024,0.005413357976033221,0.003967760317882674,0.003967760317882674,0.005413357976033221,False,480074702
MM,0.013183691958382262,0.013183691958382262,0.014459298144643454,0.011908085772121074,0.011908085772121074,0.014459298144643454,False,480074702
MMd,0.01630213542154828,0.01630213542154828,0.016916585032777202,0.01568768593974709,0.01568768593974709,0.016916585032777202,False,480074702
MMl,0.012380552967180292,0.012380552967180292,0.014226286857592621,0.010534819216627488,0.010534819216627488,0.014226286857592621,False,480074702
MMm,0.012174718924882807,0.012174718924882807,0.01356965310111844,0.01077978471764705,0.01077978471764705,0.01356965310111844,False,480074702
MMme,0.015601231685587821,0.015601231685587821,0.01657736335037042,0.014625100076136693,0.014625100076136693,0.01657736335037042,False,480074702
MMp,0.010070275407762957,0.010070275407762957,0.009667260185051398,0.010473290613117537,0.010473290613117537,0.009667260185051398,False,480074702
MO,0.019043363299644137,0.019043363299644137,0.01849134258644947,0.019595384012838803,0.019595384012838803,0.01849134258644947,False,480074702
MOB,0.012551352211381896,0.012551352211381896,0.013294256660105901,0.011813896722628616,0.011813896722628616,0.013294256660105901,False,480074702
MOp,0.0198489315559763,0.0198489315559763,0.019322383607250134,0.02037547950470247,0.02037547950470247,0.019322383607250134,False,480074702
MOp1,0.02882358054977257,0.02882358054977257,0.0297769989185326,0.027870161929604335,0.027870161929604335,0.0297769989185326,False,480074702
MOp2/3,0.016374857728771307,0.016374857728771307,0.01566409353118273,0.01708562184865058,0.01708562184865058,0.01566409353118273,False,480074702
MOp5,0.020462158390613758,0.020462158390613758,0.01995307137367489,0.0209712453717657,0.0209712453717657,0.01995307137367489,False,480074702
MOp6a,0.018572013096289343,0.018572013096289343,0.017629923387903527,0.01951410273237959,0.01951410273237959,0.017629923387903527,False,480074702
MOp6b,0.03375458636590104,0.03375458636590104,0.032416818371711995,0.03509235434826219,0.03509235434826219,0.032416818371711995,False,480074702
MOs,0.018345275300248993,0.018345275300248993,0.017771180441198776,0.01891937015929921,0.01891937015929921,0.017771180441198776,False,480074702
MOs1,0.027495031242155122,0.027495031242155122,0.028111948586956696,0.02687811410978614,0.02687811410978614,0.028111948586956696,False,480074702
MOs2/3,0.016668335153453624,0.016668335153453624,0.016102923608229958,0.01723374664977364,0.01723374664977364,0.016102923608229958,False,480074702
MOs5,0.015870811649905045,0.015870811649905045,0.015141596867988471,0.016600026485139086,0.016600026485139086,0.015141596867988471,False,480074702
MOs6a,0.01664631610341297,0.01664631610341297,0.01521673193537934,0.018075900081021216,0.018075900081021216,0.01521673193537934,False,480074702
MOs6b,0.02350844965049225,0.02350844965049225,0.02210608576415322,0.02491081316547935,0.02491081316547935,0.02210608576415322,False,480074702
MPN,0.001527193446872988,0.001527193446872988,0.0012343634953140086,0.0018200234033429144,0.0018200234033429144,0.0012343634953140086,False,480074702
MPO,0.0024735082055422674,0.0024735082055422674,0.002323671701378737,0.0026233447325672635,0.0026233447325672635,0.002323671701378737,False,480074702
MPT,0.01106048050043028,0.01106048050043028,0.0134179829943946,0.008702978133999261,0.008702978133999261,0.0134179829943946,False,480074702
MRN,0.012162627261672238,0.012162627261672238,0.01293169225245945,0.011393706202943572,0.011393706202943572,0.01293169225245945,False,480074702
MS,0.0025584744591962538,0.0025584744591962538,0.0027365860718418468,0.0023803628690074706,0.0023803628690074706,0.0027365860718418468,False,480074702
MSC,0.013664783347784799,0.013664783347784799,0.013282441416282934,0.014047125279286667,0.014047125279286667,0.013282441416282934,False,480074702
MT,0.025339776031882272,0.025339776031882272,0.028931195166660456,0.02174835675323264,0.02174835675323264,0.028931195166660456,False,480074702
MTN,0.021170667957043022,0.021170667957043022,0.022075489924919683,0.020265845989166358,0.020265845989166358,0.022075489924919683,False,480074702
MV,0.0050723355588918,0.0050723355588918,0.004949956396313822,0.005194714718869875,0.005194714718869875,0.004949956396313822,False,480074702
MY,0.0031016146766483124,0.0031016146766483124,0.0030458911978712123,0.0031573471920637317,0.0031573471920637317,0.0030458911978712123,False,480074702
MY-mot,0.0030732088397937363,0.0030732088397937363,0.003055788589291675,0.0030906363771370147,0.0030906363771370147,0.003055788589291675,False,480074702
MY-sat,0.00379226392071958,0.00379226392071958,0.00403105341650456,0.0035534744249346,0.0035534744249346,0.00403105341650456,False,480074702
MY-sen,0.0037159143639018542,0.0037159143639018542,0.00356229457825633,0.0038695355112138667,0.0038695355112138667,0.00356229457825633,False,480074702
NB,0.004660441884213992,0.004660441884213992,0.004604050442139828,0.004716833318525443,0.004716833318525443,0.004604050442139828,False,480074702
ND,0.00534187657286954,0.00534187657286954,0.006917519535454617,0.0037662336281755237,0.0037662336281755237,0.006917519535454617,False,480074702
NDB,0.019896415295563605,0.019896415295563605,0.0191996090003556,0.020593221513990973,0.020593221513990973,0.0191996090003556,False,480074702
NI,0.00435160369270308,0.00435160369270308,0.004697259399654272,0.0040059479678347925,0.0040059479678347925,0.004697259399654272,False,480074702
NLL,0.008098701635593555,0.008098701635593555,0.00632928318061025,0.009868120157886273,0.009868120157886273,0.00632928318061025,False,480074702
NLOT,0.03240577669395381,0.03240577669395381,0.03417457662358264,0.030636976764324926,0.030636976764324926,0.03417457662358264,False,480074702
NLOT1,0.03457237256468549,0.03457237256468549,0.03472021496781956,0.034424529917305324,0.034424529917305324,0.03472021496781956,False,480074702
NLOT2,0.02918226235918891,0.02918226235918891,0.032271886769376576,0.02609263757622099,0.02609263757622099,0.032271886769376576,False,480074702
NLOT3,0.03652591967218603,0.03652591967218603,0.0380064843779394,0.035045354542671714,0.035045354542671714,0.0380064843779394,False,480074702
NOD,0.0004955378273814258,0.0004955378273814258,0.00047511399799869995,0.000515961655446494,0.000515961655446494,0.00047511399799869995,False,480074702
NOT,0.01457486755900814,0.01457486755900814,0.01654205164635412,0.012607683352871357,0.012607683352871357,0.01654205164635412,False,480074702
NPC,0.006550532420448676,0.006550532420448676,0.007086459257690294,0.006014605575259654,0.006014605575259654,0.007086459257690294,False,480074702
NR,0.0036010317031246433,0.0036010317031246433,0.00316332977963609,0.0040387336281128,0.0040387336281128,0.00316332977963609,False,480074702
NTB,0.00741437675830825,0.00741437675830825,0.007511025055282503,0.007317728512771987,0.007317728512771987,0.007511025055282503,False,480074702
NTS,0.0022128496450055687,0.0022128496450055687,0.0016826388402065838,0.002743060480241856,0.002743060480241856,0.0016826388402065838,False,480074702
OLF,0.02471714354660569,0.02471714354660569,0.025430827243326303,0.02400763355362868,0.02400763355362868,0.025430827243326303,False,480074702
OP,0.019101638350101733,0.019101638350101733,0.019985030237088662,0.018218246250398824,0.018218246250398824,0.019985030237088662,False,480074702
ORB,0.009749850138583588,0.009749850138583588,0.009584199490414716,0.00991550078675246,0.00991550078675246,0.009584199490414716,False,480074702
ORBl,0.013659644368265788,0.013659644368265788,0.013322144365428893,0.013997144371102697,0.013997144371102697,0.013322144365428893,False,480074702
ORBl1,0.02195955748465138,0.02195955748465138,0.022658108494810997,0.021261006612947102,0.021261006612947102,0.022658108494810997,False,480074702
ORBl2/3,0.00919496326507493,0.00919496326507493,0.00904382915468885,0.009346097439993161,0.009346097439993161,0.00904382915468885,False,480074702
ORBl5,0.013403478149854436,0.013403478149854436,0.013012640599845304,0.013794315706218183,0.013794315706218183,0.013012640599845304,False,480074702
ORBl6a,0.013294458810549995,0.013294458810549995,0.012143442950991797,0.014445474724925569,0.014445474724925569,0.012143442950991797,False,480074702
ORBl6b,0.016912219818581972,0.016912219818581972,0.015451021672924958,0.018373417911061528,0.018373417911061528,0.015451021672924958,False,480074702
ORBm,0.007798105006595123,0.007798105006595123,0.008016868575221553,0.0075793414379686855,0.0075793414379686855,0.008016868575221553,False,480074702
ORBm1,0.009067448294615327,0.009067448294615327,0.009481829472497316,0.008653067009799955,0.008653067009799955,0.009481829472497316,False,480074702
ORBm2/3,0.005275111383156935,0.005275111383156935,0.005727906848677279,0.00482231595378832,0.00482231595378832,0.005727906848677279,False,480074702
ORBm5,0.006396950188152824,0.006396950188152824,0.006526840079095526,0.006267060326354068,0.006267060326354068,0.006526840079095526,False,480074702
ORBm6a,0.012560699744174873,0.012560699744174873,0.012139113724697361,0.01298228600062426,0.01298228600062426,0.012139113724697361,False,480074702
ORBm6b,0.01762059084939418,0.01762059084939418,0.01916843274666461,0.01607274878042515,0.01607274878042515,0.01916843274666461,False,480074702
ORBvl,0.005283814154117452,0.005283814154117452,0.005079266664123842,0.0054883616441110585,0.0054883616441110585,0.005079266664123842,False,480074702
ORBvl1,0.008419167073692828,0.008419167073692828,0.009115500098414464,0.007722833961156521,0.007722833961156521,0.009115500098414464,False,480074702
ORBvl2/3,0.0037346827294830035,0.0037346827294830035,0.0034421227356645234,0.004027242753909343,0.004027242753909343,0.0034421227356645234,False,480074702
ORBvl5,0.004036259234753533,0.004036259234753533,0.003695014694039845,0.004377503803698319,0.004377503803698319,0.003695014694039845,False,480074702
ORBvl6a,0.006659052080643963,0.006659052080643963,0.00556610133498905,0.007752002886263621,0.007752002886263621,0.00556610133498905,False,480074702
ORBvl6b,0.010294098556440213,0.010294098556440213,0.009673758296412389,0.01091443885015904,0.01091443885015904,0.009673758296412389,False,480074702
OT,0.029139679884625895,0.029139679884625895,0.029002028719696694,0.029277331170123967,0.029277331170123967,0.029002028719696694,False,480074702
OV,4.4990979940327446e-05,4.4990979940327446e-05,5.033138781412924e-05,3.965057182994786e-05,3.965057182994786e-05,5.033138781412924e-05,False,480074702
P,0.005540186044890107,0.005540186044890107,0.005692220862692887,0.005388152402883836,0.005388152402883836,0.005692220862692887,False,480074702
P-mot,0.004842992346233534,0.004842992346233534,0.005155640005985234,0.004530344721992814,0.004530344721992814,0.005155640005985234,False,480074702
P-sat,0.005031796320958526,0.005031796320958526,0.0055788385004000175,0.004484758845619536,0.004484758845619536,0.0055788385004000175,False,480074702
P-sen,0.007628070235865376,0.007628070235865376,0.007278336743472095,0.007977803728258664,0.007977803728258664,0.007278336743472095,False,480074702
P5,0.00295975670365579,0.00295975670365579,0.0031510237720794817,0.0027684896595019217,0.0027684896595019217,0.0031510237720794817,False,480074702
PA,0.007506956545284592,0.007506956545284592,0.008093270489234765,0.00692064257334155,0.00692064257334155,0.008093270489234765,False,480074702
PAA,0.02919681312425079,0.02919681312425079,0.029852253608623848,0.02854137273934613,0.02854137273934613,0.029852253608623848,False,480074702
PAG,0.020968395382480128,0.020968395382480128,0.02289592321030796,0.01904436446493491,0.01904436446493491,0.02289592321030796,False,480074702
PAL,0.021901515657331377,0.021901515657331377,0.022553778764995487,0.021249252639245233,0.021249252639245233,0.022553778764995487,False,480074702
PALc,0.013536088170107315,0.013536088170107315,0.013960411933553579,0.013111764406661054,0.013111764406661054,0.013960411933553579,False,480074702
PALd,0.009689598887117849,0.009689598887117849,0.011010343786922092,0.008368853987313615,0.008368853987313615,0.011010343786922092,False,480074702
PALm,0.010721678865663485,0.010721678865663485,0.010448210539954575,0.010995147191372411,0.010995147191372411,0.010448210539954575,False,480074702
PALv,0.0344537209156153,0.0344537209156153,0.03500158018312089,0.03390586164810973,0.03390586164810973,0.03500158018312089,False,480074702
PAR,0.0018367005751232458,0.0018367005751232458,0.002057852130428706,0.0016155490313280775,0.0016155490313280775,0.002057852130428706,False,480074702
PARN,0.002285688110361188,0.002285688110361188,0.0022072563753567725,0.002364119844031604,0.002364119844031604,0.0022072563753567725,False,480074702
PAS,0.0025597782907049362,0.0025597782907049362,0.0026448115571838433,0.0024747450175403958,0.0024747450175403958,0.0026448115571838433,False,480074702
PB,0.010291643311704877,0.010291643311704877,0.01074723364381497,0.009836052876610754,0.009836052876610754,0.01074723364381497,False,480074702
PBG,0.006268931528447191,0.006268931528447191,0.005908659053693533,0.006629204128694238,0.006629204128694238,0.005908659053693533,False,480074702
PC5,0.0027839827722140865,0.0027839827722140865,0.002596608373460163,0.002971357183287153,0.002971357183287153,0.002596608373460163,False,480074702
PCG,0.009933482725421657,0.009933482725421657,0.011013252327029438,0.00885371398835558,0.00885371398835558,0.011013252327029438,False,480074702
PCN,0.007998540004103856,0.007998540004103856,0.009084473310213047,0.0069126067797696976,0.0069126067797696976,0.009084473310213047,False,480074702
PD,0.002449739460357459,0.002449739460357459,0.00312894141388822,0.0017705375154036772,0.0017705375154036772,0.00312894141388822,False,480074702
PDTg,0.0023143109484668584,0.0023143109484668584,0.0024302766957589182,0.002198345216129366,0.002198345216129366,0.0024302766957589182,False,480074702
PERI,0.02406236784949476,0.02406236784949476,0.024533352842819257,0.02359138285617022,0.02359138285617022,0.024533352842819257,False,480074702
PERI1,0.030994930493020288,0.030994930493020288,0.03282197003281907,0.029167890862306155,0.029167890862306155,0.03282197003281907,False,480074702
PERI2/3,0.020015032079625763,0.020015032079625763,0.020343710614724862,0.019686353402674748,0.019686353402674748,0.020343710614724862,False,480074702
PERI5,0.026930574915746675,0.026930574915746675,0.026627642701399494,0.027233506923011398,0.027233506923011398,0.026627642701399494,False,480074702
PERI6a,0.014908674046753482,0.014908674046753482,0.0135015718256909,0.016315776200644894,0.016315776200644894,0.0135015718256909,False,480074702
PERI6b,0.010726898950875221,0.010726898950875221,0.00959155869495589,0.011862239132460647,0.011862239132460647,0.00959155869495589,False,480074702
PF,0.009772652452375512,0.009772652452375512,0.01116545379177293,0.008379851113841121,0.008379851113841121,0.01116545379177293,False,480074702
PFL,0.00043358895335286887,0.00043358895335286887,0.0004581603116107869,0.00040901759636538927,0.00040901759636538927,0.0004581603116107869,False,480074702
PG,0.007615641594603041,0.007615641594603041,0.007801413842025752,0.007429869327461319,0.007429869327461319,0.007801413842025752,False,480074702
PGRN,0.004359365595125415,0.004359365595125415,0.004647386441141696,0.004071344749109132,0.004071344749109132,0.004647386441141696,False,480074702
PGRNd,0.010499093356726373,0.010499093356726373,0.011444086805568073,0.009554099767200327,0.009554099767200327,0.011444086805568073,False,480074702
PGRNl,0.002283205578951106,0.002283205578951106,0.0023490698635327757,0.002217341294226552,0.002217341294226552,0.0023490698635327757,False,480074702
PH,0.011217669357118038,0.011217669357118038,0.012030374547612127,0.01040496408586475,0.01040496408586475,0.012030374547612127,False,480074702
PHY,0.007799154791517201,0.007799154791517201,0.008463862123606721,0.007134447459427677,0.007134447459427677,0.008463862123606721,False,480074702
PIL,0.009129646695380668,0.009129646695380668,0.00810757023282346,0.010151723213493807,0.010151723213493807,0.00810757023282346,False,480074702
PIR,0.03326451104145871,0.03326451104145871,0.03398772170512526,0.03254130050572716,0.03254130050572716,0.03398772170512526,False,480074702
PL,0.012096293098629286,0.012096293098629286,0.01224233549081076,0.011950250706447821,0.011950250706447821,0.01224233549081076,False,480074702
PL1,0.0179961362627585,0.0179961362627585,0.018814070869666417,0.017178201502701936,0.017178201502701936,0.018814070869666417,False,480074702
PL2/3,0.012124218645104344,0.012124218645104344,0.01309886594099224,0.011149571550868102,0.011149571550868102,0.01309886594099224,False,480074702
PL5,0.009935034642789916,0.009935034642789916,0.01006438894401069,0.009805680294266473,0.009805680294266473,0.01006438894401069,False,480074702
PL6a,0.010068147301627686,0.010068147301627686,0.00873974072455891,0.01139655386486991,0.01139655386486991,0.00873974072455891,False,480074702
PL6b,0.010125952535361136,0.010125952535361136,0.01035037039546292,0.00990153467282651,0.00990153467282651,0.01035037039546292,False,480074702
PMd,0.006204986478249199,0.006204986478249199,0.007186645647743689,0.005223327269777629,0.005223327269777629,0.007186645647743689,False,480074702
PMv,0.0024287091938213256,0.0024287091938213256,0.0022570901830476775,0.0026003282258215956,0.0026003282258215956,0.0022570901830476775,False,480074702
PN,0.017792690043922043,0.017792690043922043,0.01741942512744571,0.018165954999130908,0.018165954999130908,0.01741942512744571,False,480074702
PO,0.005258721238697964,0.005258721238697964,0.005665330447845895,0.004852112079697657,0.004852112079697657,0.005665330447845895,False,480074702
POL,0.010782223640975384,0.010782223640975384,0.010904841060931831,0.010659606284752918,0.010659606284752918,0.010904841060931831,False,480074702
POR,0.010097044978757764,0.010097044978757764,0.009535034366408696,0.010659055668264708,0.010659055668264708,0.009535034366408696,False,480074702
POST,0.0012089599245265882,0.0012089599245265882,0.0015085275760611508,0.0009093922772080772,0.0009093922772080772,0.0015085275760611508,False,480074702
PP,0.007499102094529104,0.007499102094529104,0.007679770139293368,0.0073184339184081005,0.0073184339184081005,0.007679770139293368,False,480074702
PPN,0.007051052366790409,0.007051052366790409,0.007455398344745817,0.006646706379615333,0.006646706379615333,0.007455398344745817,False,480074702
PPT,0.012206031019832185,0.012206031019832185,0.013743260512420533,0.010668801466476878,0.010668801466476878,0.013743260512420533,False,480074702
PPY,0.0047940849695904016,0.0047940849695904016,0.00479168700686613,0.004796482931715201,0.004796482931715201,0.00479168700686613,False,480074702
PR,0.019651677542862334,0.019651677542862334,0.02075452667777425,0.018548828302527888,0.018548828302527888,0.02075452667777425,False,480074702
PRC,0.013522685624479492,0.013522685624479492,0.013878402345168494,0.01316696895000501,0.01316696895000501,0.013878402345168494,False,480074702
PRE,0.0008550538192280531,0.0008550538192280531,0.0009681270419605167,0.0007419806047891883,0.0007419806047891883,0.0009681270419605167,False,480074702
PRM,0.00017068663661637054,0.00017068663661637054,0.00020700970871983553,0.0001343635648694697,0.0001343635648694697,0.00020700970871983553,False,480074702
PRNc,0.00420413906602334,0.00420413906602334,0.004554142881431713,0.0038541352547781433,0.0038541352547781433,0.004554142881431713,False,480074702
PRNr,0.003660314788134833,0.003660314788134833,0.004126593370710874,0.0031940362201239815,0.0031940362201239815,0.004126593370710874,False,480074702
PRP,0.008315099443104683,0.008315099443104683,0.009115291695060871,0.007514907181962361,0.007514907181962361,0.009115291695060871,False,480074702
PRT,0.012986936963691936,0.012986936963691936,0.013625806460499218,0.012348067466884669,0.012348067466884669,0.013625806460499218,False,480074702
PS,0.00356265859988048,0.00356265859988048,0.00350926271057685,0.00361605447833424,0.00361605447833424,0.00350926271057685,False,480074702
PST,0.087760286085327,0.087760286085327,0.09427084066555838,0.08124973156373015,0.08124973156373015,0.09427084066555838,False,480074702
PSTN,0.09608982942866831,0.09608982942866831,0.10142275722755582,0.09075690180179656,0.09075690180179656,0.10142275722755582,False,480074702
PSV,0.0037351152061115083,0.0037351152061115083,0.003675547512227679,0.0037946829374007444,0.0037946829374007444,0.003675547512227679,False,480074702
PT,0.020609765227578156,0.020609765227578156,0.021621080430162407,0.019598450227203995,0.019598450227203995,0.021621080430162407,False,480074702
PTLp,0.001341608316308892,0.001341608316308892,0.0013007889578271706,0.0013824276747906152,0.0013824276747906152,0.0013007889578271706,False,480074702
PVH,0.004858217801155124,0.004858217801155124,0.0049700062754709316,0.0047464293591474305,0.0047464293591474305,0.0049700062754709316,False,480074702
PVHd,0.015279822301010472,0.015279822301010472,0.01628846908861302,0.01427117549610556,0.01427117549610556,0.01628846908861302,False,480074702
PVR,0.0021222577422115143,0.0021222577422115143,0.0020996944799003482,0.0021448210045226703,0.0021448210045226703,0.0020996944799003482,False,480074702
PVT,0.017681599672947863,0.017681599672947863,0.018306111393758314,0.017057087885495984,0.017057087885495984,0.018306111393758314,False,480074702
PVZ,0.0028139566832681455,0.0028139566832681455,0.0029280293769762974,0.002699883989559992,0.002699883989559992,0.0029280293769762974,False,480074702
PVa,0.0010410197255508802,0.0010410197255508802,0.001422216973696765,0.0006598224745175583,0.0006598224745175583,0.001422216973696765,False,480074702
PVi,0.0015382982158815366,0.0015382982158815366,0.0015568589075882942,0.0015197375294064663,0.0015197375294064663,0.0015568589075882942,False,480074702
PVp,0.0009454588909063891,0.0009454588909063891,0.0009251907608792307,0.0009657270292336387,0.0009657270292336387,0.0009251907608792307,False,480074702
PVpo,0.00034578556187322697,0.00034578556187322697,0.0003667904114308707,0.0003247807139814357,0.0003247807139814357,0.0003667904114308707,False,480074702
PYR,0.00015030676888365751,0.00015030676888365751,0.00016754083123564202,0.00013307270627932084,0.00013307270627932084,0.00016754083123564202,False,480074702
Pa4,0.08289187991388018,0.08289187991388018,0.09263714433182028,0.07314668970648205,0.07314668970648205,0.09263714433182028,False,480074702
Pa5,0.00022927849004545324,0.00022927849004545324,0.00025347856499135233,0.00020507841654760184,0.00020507841654760184,0.00025347856499135233,False,480074702
PeF,0.009913324830961988,0.009913324830961988,0.00999180249782507,0.009834847127058292,0.009834847127058292,0.00999180249782507,False,480074702
PoT,0.00553289038035932,0.00553289038035932,0.0052573556147762854,0.0058084251287922745,0.0058084251287922745,0.0052573556147762854,False,480074702
ProS,0.003504058804884896,0.003504058804884896,0.003927712393078747,0.003080405212489241,0.003080405212489241,0.003927712393078747,False,480074702
RAmb,0.045982146195450845,0.045982146195450845,0.04660032384344979,0.04536103001984995,0.04536103001984995,0.04660032384344979,False,480074702
RCH,0.008577082644659843,0.008577082644659843,0.00911825530492932,0.008035909972795687,0.008035909972795687,0.00911825530492932,False,480074702
RE,0.023591276945298053,0.023591276945298053,0.02472463030071593,0.02245792357134629,0.02245792357134629,0.02472463030071593,False,480074702
RH,0.030994796754537098,0.030994796754537098,0.031078905481263082,0.03091068792746225,0.03091068792746225,0.031078905481263082,False,480074702
RHP,0.008515430448567228,0.008515430448567228,0.008603308768608948,0.008427552128525502,0.008427552128525502,0.008603308768608948,False,480074702
RL,0.023382950313902435,0.023382950313902435,0.028169853493454848,0.018595934586710435,0.018595934586710435,0.028169853493454848,False,480074702
RM,0.005678360026067917,0.005678360026067917,0.006188157620454131,0.005168562471499136,0.005168562471499136,0.006188157620454131,False,480074702
RN,0.00857997741179846,0.00857997741179846,0.009224733602604809,0.007935221969091761,0.007935221969091761,0.009224733602604809,False,480074702
RO,0.0017490083498830728,0.0017490083498830728,0.0017269403480895367,0.0017710763531794808,0.0017710763531794808,0.0017269403480895367,False,480074702
RPA,0.0017080895174649499,0.0017080895174649499,0.0016277596587314699,0.0017884193926874597,0.0017884193926874597,0.0016277596587314699,False,480074702
RPF,0.01158447004789365,0.01158447004789365,0.01420681506133405,0.008962124984827789,0.008962124984827789,0.01420681506133405,False,480074702
RPO,0.002774570335995296,0.002774570335995296,0.003326008110938944,0.0022231325714368927,0.0022231325714368927,0.003326008110938944,False,480074702
RR,0.024610137340432423,0.024610137340432423,0.026425860592280442,0.0227944141428452,0.0227944141428452,0.026425860592280442,False,480074702
RSP,0.0007011048493249004,0.0007011048493249004,0.0006650067571308189,0.0007372029415189815,0.0007372029415189815,0.0006650067571308189,False,480074702
RSPagl,0.0007408636479592056,0.0007408636479592056,0.000716608659213605,0.0007651186367048067,0.0007651186367048067,0.000716608659213605,False,480074702
RSPagl1,0.0014246932649649548,0.0014246932649649548,0.001336071465448159,0.0015133150780456644,0.0015133150780456644,0.001336071465448159,False,480074702
RSPagl2/3,0.000613033189890744,0.000613033189890744,0.0005455929178344199,0.0006804734660434215,0.0006804734660434215,0.0005455929178344199,False,480074702
RSPagl5,0.00035518992422230427,0.00035518992422230427,0.00039283342557607843,0.0003175464229398854,0.0003175464229398854,0.00039283342557607843,False,480074702
RSPagl6a,0.000763241614358231,0.000763241614358231,0.0007636853551957521,0.0007627978735399327,0.0007627978735399327,0.0007636853551957521,False,480074702
RSPagl6b,0.0010988935177045054,0.0010988935177045054,0.00124973083875374,0.0009480561996724401,0.0009480561996724401,0.00124973083875374,False,480074702
RSPd,0.0006118820849802953,0.0006118820849802953,0.000591538636568514,0.0006322255333920789,0.0006322255333920789,0.000591538636568514,False,480074702
RSPd1,0.0012146420505027356,0.0012146420505027356,0.0009701622468127932,0.0014591218408440533,0.0014591218408440533,0.0009701622468127932,False,480074702
RSPd2/3,0.00039699384293701245,0.00039699384293701245,0.0004503174990578882,0.0003436701869759151,0.0003436701869759151,0.0004503174990578882,False,480074702
RSPd4,0.0006028189590821634,0.0006028189590821634,0.00040990957058966,0.00079572834074497,0.00079572834074497,0.00040990957058966,False,480074702
RSPd5,0.00032157394608289293,0.00032157394608289293,0.00033087093579523436,0.0003122769632227243,0.0003122769632227243,0.00033087093579523436,False,480074702
RSPd6a,0.0006524521493829941,0.0006524521493829941,0.0007307919001711706,0.0005741123974075598,0.0005741123974075598,0.0007307919001711706,False,480074702
RSPd6b,0.0014546402332007817,0.0014546402332007817,0.001585961372802543,0.0013233191011607869,0.0013233191011607869,0.001585961372802543,False,480074702
RSPv,0.0007575270989578925,0.0007575270989578925,0.0007012381141844671,0.0008138160837313325,0.0008138160837313325,0.0007012381141844671,False,480074702
RSPv1,0.0018050556401780602,0.0018050556401780602,0.001593159491676451,0.0020169517784779344,0.0020169517784779344,0.001593159491676451,False,480074702
RSPv2/3,0.0004396431238669568,0.0004396431238669568,0.00044121296585613136,0.00043807328162725573,0.00043807328162725573,0.00044121296585613136,False,480074702
RSPv5,0.0003090777005307646,0.0003090777005307646,0.0002822443599313677,0.00033591103765501386,0.00033591103765501386,0.0002822443599313677,False,480074702
RSPv6a,0.0008595198724248606,0.0008595198724248606,0.0008733154313858744,0.0008457243167943314,0.0008457243167943314,0.0008733154313858744,False,480074702
RSPv6b,0.0010703289215817243,0.0010703289215817243,0.0008718024039808244,0.0012688554485975922,0.0012688554485975922,0.0008718024039808244,False,480074702
RT,0.0074807155293829366,0.0074807155293829366,0.008028748029028029,0.0069326830838690266,0.0069326830838690266,0.008028748029028029,False,480074702
SAG,0.0037920236683040343,0.0037920236683040343,0.003618776637131285,0.00396527070552109,0.00396527070552109,0.003618776637131285,False,480074702
SBPV,0.0017816854663738947,0.0017816854663738947,0.0020167841073998514,0.0015465868175283336,0.0015465868175283336,0.0020167841073998514,False,480074702
SCH,0.0006584871655880636,0.0006584871655880636,0.0007700535732853322,0.0005469207608257302,0.0005469207608257302,0.0007700535732853322,False,480074702
SCO,0.0017181808448502348,0.0017181808448502348,0.0011451858635609649,0.002291175811660636,0.002291175811660636,0.0011451858635609649,False,480074702
SCdg,0.004582705083388179,0.004582705083388179,0.004355147838305101,0.004810262353748806,0.004810262353748806,0.004355147838305101,False,480074702
SCdw,0.0035909256036666835,0.0035909256036666835,0.0035676276915182588,0.003614223509180156,0.003614223509180156,0.0035676276915182588,False,480074702
SCig,0.01071163761207668,0.01071163761207668,0.010190673647593932,0.01123260162748918,0.01123260162748918,0.010190673647593932,False,480074702
SCiw,0.006501081892801023,0.006501081892801023,0.006068762448194294,0.006933401261903759,0.006933401261903759,0.006068762448194294,False,480074702
SCm,0.007443276466181681,0.007443276466181681,0.007046187676944621,0.007840365255418726,0.007840365255418726,0.007046187676944621,False,480074702
SCop,0.009111992763387197,0.009111992763387197,0.009422066318688804,0.008801919283723671,0.008801919283723671,0.009422066318688804,False,480074702
SCs,0.007775554036586751,0.007775554036586751,0.008291590771031664,0.007259517302141837,0.007259517302141837,0.008291590771031664,False,480074702
SCsg,0.007339132292008164,0.007339132292008164,0.008003186316363977,0.006675078132502665,0.006675078132502665,0.008003186316363977,False,480074702
SCzo,0.0067917403909840525,0.0067917403909840525,0.007201672238807054,0.006381808563310167,0.006381808563310167,0.007201672238807054,False,480074702
SEZ,0.003367190837785725,0.003367190837785725,0.0035695826103619398,0.0031647990326746102,0.0031647990326746102,0.0035695826103619398,False,480074702
SF,0.0011857599388348386,0.0011857599388348386,0.0013882852357823927,0.0009832346387383633,0.0009832346387383633,0.0013882852357823927,False,480074702
SFO,0.000750059013745929,0.000750059013745929,0.0004072999802246873,0.0010928180325094927,0.0010928180325094927,0.0004072999802246873,False,480074702
SG,0.004502516304605184,0.004502516304605184,0.00535930171608922,0.0036457309601246298,0.0036457309601246298,0.00535930171608922,False,480074702
SGN,0.00965802898050494,0.00965802898050494,0.009656735142245578,0.009659322863118528,0.009659322863118528,0.009656735142245578,False,480074702
SH,0.009233476574873504,0.009233476574873504,0.0093485541117843,0.00911839903492364,0.00911839903492364,0.0093485541117843,False,480074702
SI,0.032189875566566974,0.032189875566566974,0.03260864338897131,0.03177110790675218,0.03177110790675218,0.03260864338897131,False,480074702
SIM,0.0002214542078006942,0.0002214542078006942,0.00024183349149299325,0.0002010749241863194,0.0002010749241863194,0.00024183349149299325,False,480074702
SLC,0.012130822440016857,0.012130822440016857,0.01410053339786827,0.010161111502884517,0.010161111502884517,0.01410053339786827,False,480074702
SLD,0.01657149771708354,0.01657149771708354,0.0172530684430967,0.015889927002717723,0.015889927002717723,0.0172530684430967,False,480074702
SMT,0.047317593378157614,0.047317593378157614,0.04829784415596814,0.04633734236122103,0.04633734236122103,0.04829784415596814,False,480074702
SNc,0.03110160360451226,0.03110160360451226,0.03376435695681723,0.02843885002571935,0.02843885002571935,0.03376435695681723,False,480074702
SNr,0.01287715013987052,0.01287715013987052,0.01499229337118207,0.010762007076141321,0.010762007076141321,0.01499229337118207,False,480074702
SO,0.011746811981220977,0.011746811981220977,0.012377716297152088,0.011115907509014264,0.011115907509014264,0.012377716297152088,False,480074702
SOC,0.00871597312437551,0.00871597312437551,0.008147350446702412,0.009284595802048622,0.009284595802048622,0.008147350446702412,False,480074702
SOCl,0.0090253094107389,0.0090253094107389,0.008227892929971848,0.009822725984263047,0.009822725984263047,0.008227892929971848,False,480074702
SOCm,0.00559232305112542,0.00559232305112542,0.00540685385785762,0.00577779219784132,0.00577779219784132,0.00540685385785762,False,480074702
SPA,0.029050412741924835,0.029050412741924835,0.03008567875949663,0.02801514711027267,0.02801514711027267,0.03008567875949663,False,480074702
SPF,0.012667637439830591,0.012667637439830591,0.01329568738841767,0.012039587491243512,0.012039587491243512,0.01329568738841767,False,480074702
SPFm,0.01697394505285899,0.01697394505285899,0.01735575830389279,0.016592131762445193,0.016592131762445193,0.01735575830389279,False,480074702
SPFp,0.010431018314614312,0.010431018314614312,0.011186959419137544,0.0096750773827807,0.0096750773827807,0.011186959419137544,False,480074702
SPIV,0.003857461063471744,0.003857461063471744,0.00390996419092741,0.0038049579893339298,0.0038049579893339298,0.00390996419092741,False,480074702
SPVC,0.002422673617069265,0.002422673617069265,0.0025210089697417708,0.0023243432999300595,0.0023243432999300595,0.0025210089697417708,False,480074702
SPVI,0.002946455207325304,0.002946455207325304,0.0029013237703935458,0.0029915866025583414,0.0029915866025583414,0.0029013237703935458,False,480074702
SPVO,0.00343357226123027,0.00343357226123027,0.003647601941737815,0.0032195425602139713,0.0032195425602139713,0.003647601941737815,False,480074702
SS,0.010544337558644312,0.010544337558644312,0.010430578918850084,0.010658096198438532,0.010658096198438532,0.010430578918850084,False,480074702
SSp,0.00974834874208849,0.00974834874208849,0.00950099722298873,0.009995700261188251,0.009995700261188251,0.00950099722298873,False,480074702
SSp-bfd,0.0031242443766559525,0.0031242443766559525,0.0031940985970317567,0.0030543901562801483,0.0030543901562801483,0.0031940985970317567,False,480074702
SSp-bfd1,0.008447975049454605,0.008447975049454605,0.007913039455888763,0.008982910614577089,0.008982910614577089,0.007913039455888763,False,480074702
SSp-bfd2/3,0.001465553341346386,0.001465553341346386,0.00140991579974067,0.0015211908664401416,0.0015211908664401416,0.00140991579974067,False,480074702
SSp-bfd4,0.0019193992888000202,0.0019193992888000202,0.0022494235949124903,0.0015893749659880601,0.0015893749659880601,0.0022494235949124903,False,480074702
SSp-bfd5,0.0027051310671439835,0.0027051310671439835,0.003016179497262755,0.002394082633145415,0.002394082633145415,0.003016179497262755,False,480074702
SSp-bfd6a,0.0030123491726819843,0.0030123491726819843,0.0032183562098907397,0.0028063421690603376,0.0028063421690603376,0.0032183562098907397,False,480074702
SSp-bfd6b,0.004767529672375579,0.004767529672375579,0.004132556942022331,0.005402502427386916,0.005402502427386916,0.004132556942022331,False,480074702
SSp-ll,0.0023908298657981386,0.0023908298657981386,0.002097052215582229,0.002684607516014048,0.002684607516014048,0.002097052215582229,False,480074702
SSp-ll1,0.007118066066005303,0.007118066066005303,0.006380214916725867,0.007855917126289552,0.007855917126289552,0.006380214916725867,False,480074702
SSp-ll2/3,0.0014982925707374215,0.0014982925707374215,0.0012572883601677468,0.0017392967783962157,0.0017392967783962157,0.0012572883601677468,False,480074702
SSp-ll4,0.0013358252717049384,0.0013358252717049384,0.0010986087247147032,0.0015730418146631356,0.0015730418146631356,0.0010986087247147032,False,480074702
SSp-ll5,0.001983553284656109,0.001983553284656109,0.001653507155242525,0.0023135994289987002,0.0023135994289987002,0.001653507155242525,False,480074702
SSp-ll6a,0.0016988814278342038,0.0016988814278342038,0.0015923352919344097,0.0018054275849863012,0.0018054275849863012,0.0015923352919344097,False,480074702
SSp-ll6b,0.0032000194060331595,0.0032000194060331595,0.00300148208625611,0.003398556737037692,0.003398556737037692,0.00300148208625611,False,480074702
SSp-m,0.0238393833670296,0.0238393833670296,0.023808087177395073,0.023870679556664127,0.023870679556664127,0.023808087177395073,False,480074702
SSp-m1,0.03363515874169245,0.03363515874169245,0.034866818370937844,0.03240349960979077,0.03240349960979077,0.034866818370937844,False,480074702
SSp-m2/3,0.012715447549136621,0.012715447549136621,0.012606075447767758,0.01282481959815412,0.01282481959815412,0.012606075447767758,False,480074702
SSp-m4,0.020588785848730008,0.020588785848730008,0.020694297854788588,0.020483273892659776,0.020483273892659776,0.020694297854788588,False,480074702
SSp-m5,0.028912354944074164,0.028912354944074164,0.028071537682671965,0.02975317224627357,0.02975317224627357,0.028071537682671965,False,480074702
SSp-m6a,0.02588135226562864,0.02588135226562864,0.02588235214334415,0.025880352628365688,0.025880352628365688,0.02588235214334415,False,480074702
SSp-m6b,0.046120093992978894,0.046120093992978894,0.04550354917228101,0.046736638606512323,0.046736638606512323,0.04550354917228101,False,480074702
SSp-n,0.00987023203334421,0.00987023203334421,0.009347882998190785,0.010392581068497633,0.010392581068497633,0.009347882998190785,False,480074702
SSp-n1,0.020185342502251277,0.020185342502251277,0.02056974183069536,0.01980094335303871,0.01980094335303871,0.02056974183069536,False,480074702
SSp-n2/3,0.0042208209945322475,0.0042208209945322475,0.003860364980664572,0.00458127701931514,0.00458127701931514,0.003860364980664572,False,480074702
SSp-n4,0.005796073493220477,0.005796073493220477,0.005424294151453043,0.0061678528087213405,0.0061678528087213405,0.005424294151453043,False,480074702
SSp-n5,0.00954869752309758,0.00954869752309758,0.008663589353818665,0.0104338056524284,0.0104338056524284,0.008663589353818665,False,480074702
SSp-n6a,0.011537546781171746,0.011537546781171746,0.01053240582559736,0.012542687839049892,0.012542687839049892,0.01053240582559736,False,480074702
SSp-n6b,0.019661011276540442,0.019661011276540442,0.01991329845332073,0.019408724396635067,0.019408724396635067,0.01991329845332073,False,480074702
SSp-tr,0.001511394085685458,0.001511394085685458,0.0014115714240662582,0.0016112167473046478,0.0016112167473046478,0.0014115714240662582,False,480074702
SSp-tr1,0.0045182207564622556,0.0045182207564622556,0.004585344989618519,0.004451096585853489,0.004451096585853489,0.004585344989618519,False,480074702
SSp-tr2/3,0.0009142477072105469,0.0009142477072105469,0.0007921668183584441,0.0010363285858602154,0.0010363285858602154,0.0007921668183584441,False,480074702
SSp-tr4,0.0006489700533855043,0.0006489700533855043,0.0004481972948496888,0.00084974280325694,0.00084974280325694,0.0004481972948496888,False,480074702
SSp-tr5,0.0010372424676289255,0.0010372424676289255,0.0008165969956280452,0.0012578879424836298,0.0012578879424836298,0.0008165969956280452,False,480074702
SSp-tr6a,0.0011375970982516652,0.0011375970982516652,0.0011034044162442816,0.0011717897818016017,0.0011717897818016017,0.0011034044162442816,False,480074702
SSp-tr6b,0.002131519544068364,0.002131519544068364,0.002562971472070774,0.0017000676496536301,0.0017000676496536301,0.002562971472070774,False,480074702
SSp-ul,0.0066922874334758575,0.0066922874334758575,0.0058429725142697215,0.007541602352681987,0.007541602352681987,0.0058429725142697215,False,480074702
SSp-ul1,0.016160007403314965,0.016160007403314965,0.015685209082857886,0.01663480558581796,0.01663480558581796,0.015685209082857886,False,480074702
SSp-ul2/3,0.0035244945867303553,0.0035244945867303553,0.0029551600819104,0.004093829062367119,0.004093829062367119,0.0029551600819104,False,480074702
SSp-ul4,0.00394497748212202,0.00394497748212202,0.003496965711383363,0.004392989235748225,0.004392989235748225,0.003496965711383363,False,480074702
SSp-ul5,0.007003095960587708,0.007003095960587708,0.005735300620887289,0.008270891337087947,0.008270891337087947,0.005735300620887289,False,480074702
SSp-ul6a,0.0061084282955093105,0.0061084282955093105,0.004965198603167634,0.007251658023642424,0.007251658023642424,0.004965198603167634,False,480074702
SSp-ul6b,0.013363597278102188,0.013363597278102188,0.011861677258275439,0.014865517514772348,0.014865517514772348,0.011861677258275439,False,480074702
SSp-un,0.00511739994565563,0.00511739994565563,0.004605130411437805,0.0056296694798734555,0.0056296694798734555,0.004605130411437805,False,480074702
SSp-un1,0.01294832459129139,0.01294832459129139,0.012209277422516587,0.013687371974265247,0.013687371974265247,0.012209277422516587,False,480074702
SSp-un2/3,0.0027655684286962304,0.0027655684286962304,0.0026239764330966663,0.002907160405084113,0.002907160405084113,0.0026239764330966663,False,480074702
SSp-un4,0.0027345503956297526,0.0027345503956297526,0.002528879134024436,0.002940221663993708,0.002940221663993708,0.002528879134024436,False,480074702
SSp-un5,0.0045418460714096946,0.0045418460714096946,0.003831545787397749,0.00525214638328178,0.00525214638328178,0.003831545787397749,False,480074702
SSp-un6a,0.005022829649886814,0.005022829649886814,0.0042126012373046124,0.005833058075050689,0.005833058075050689,0.0042126012373046124,False,480074702
SSp-un6b,0.009264148000090056,0.009264148000090056,0.00858659519435602,0.009941700744911916,0.009941700744911916,0.00858659519435602,False,480074702
SSs,0.012689364227222945,0.012689364227222945,0.01293561100821151,0.012443117446234383,0.012443117446234383,0.01293561100821151,False,480074702
SSs1,0.02069269383792533,0.02069269383792533,0.02155472676968194,0.019830661042942642,0.019830661042942642,0.02155472676968194,False,480074702
SSs2/3,0.006719766589812466,0.006719766589812466,0.006429572125769301,0.007009961137328702,0.007009961137328702,0.006429572125769301,False,480074702
SSs4,0.00966881537540794,0.00966881537540794,0.00992314504983367,0.009414485631486936,0.009414485631486936,0.00992314504983367,False,480074702
SSs5,0.014357708554767892,0.014357708554767892,0.01449298357911174,0.014222433611212174,0.014222433611212174,0.01449298357911174,False,480074702
SSs6a,0.012921479056931582,0.012921479056931582,0.013476845023137668,0.01236611306259192,0.01236611306259192,0.013476845023137668,False,480074702
SSs6b,0.023752802968490607,0.023752802968490607,0.023908646565695316,0.023596959464657615,0.023596959464657615,0.023908646565695316,False,480074702
STN,0.022325364558557097,0.022325364558557097,0.02617753239028388,0.018473196536470823,0.018473196536470823,0.02617753239028388,False,480074702
STR,0.012543445271738674,0.012543445271738674,0.012466449421845008,0.012620441237595485,0.012620441237595485,0.012466449421845008,False,480074702
STRd,0.007212056520071391,0.007212056520071391,0.006914956000218841,0.007509157039923935,0.007509157039923935,0.006914956000218841,False,480074702
STRv,0.02265418599095231,0.02265418599095231,0.02255705763064504,0.02275131435125958,0.02275131435125958,0.02255705763064504,False,480074702
SUB,0.0009644074665329098,0.0009644074665329098,0.0009669735220086163,0.0009618414163923997,0.0009618414163923997,0.0009669735220086163,False,480074702
SUM,0.012931029916524072,0.012931029916524072,0.014569521115481604,0.011292538664565619,0.011292538664565619,0.014569521115481604,False,480074702
SUT,0.004427222147937471,0.004427222147937471,0.004850499306667173,0.004003944985561226,0.004003944985561226,0.004850499306667173,False,480074702
SUV,0.0034126032991468004,0.0034126032991468004,0.003033630255231364,0.003791576350030801,0.003791576350030801,0.003033630255231364,False,480074702
Su3,0.04059856452225414,0.04059856452225414,0.04601571084349409,0.03518357650609686,0.03518357650609686,0.04601571084349409,False,480074702
SubG,0.001336999195594439,0.001336999195594439,0.0010782907620068458,0.0015957076134213647,0.0015957076134213647,0.0010782907620068458,False,480074702
TEa,0.005606689357783729,0.005606689357783729,0.005446817346622284,0.005766561368945172,0.005766561368945172,0.005446817346622284,False,480074702
TEa1,0.005431263126677484,0.005431263126677484,0.0061962404375662606,0.004666285841358305,0.004666285841358305,0.0061962404375662606,False,480074702
TEa2/3,0.0023982358558080684,0.0023982358558080684,0.0025961491103943016,0.0022003225943990146,0.0022003225943990146,0.0025961491103943016,False,480074702
TEa4,0.0033346565195952215,0.0033346565195952215,0.003604463469673619,0.0030648496200228496,0.0030648496200228496,0.003604463469673619,False,480074702
TEa5,0.005722374995698966,0.005722374995698966,0.005669763843343363,0.005774986219330448,0.005774986219330448,0.005669763843343363,False,480074702
TEa6a,0.01048346591124383,0.01048346591124383,0.008905517560924626,0.012061414277377452,0.012061414277377452,0.008905517560924626,False,480074702
TEa6b,0.009965883637833049,0.009965883637833049,0.007234145997153954,0.012697621288725688,0.012697621288725688,0.007234145997153954,False,480074702
TH,0.01173312797941683,0.01173312797941683,0.012408051037164084,0.01105820486700392,0.01105820486700392,0.012408051037164084,False,480074702
TM,0.004042399077105559,0.004042399077105559,0.0042103746364818935,0.003874423517729228,0.003874423517729228,0.0042103746364818935,False,480074702
TMd,0.0017020010111813068,0.0017020010111813068,0.0017267651870497298,0.0016772368275269193,0.0016772368275269193,0.0017267651870497298,False,480074702
TMv,0.004817581898835044,0.004817581898835044,0.005032991715052016,0.004602172133490929,0.004602172133490929,0.005032991715052016,False,480074702
TR,0.04666814643757104,0.04666814643757104,0.048056855782279986,0.04527943702061073,0.04527943702061073,0.048056855782279986,False,480074702
TRN,0.0029929224590993513,0.0029929224590993513,0.00310190077398144,0.002883944137602128,0.002883944137602128,0.00310190077398144,False,480074702
TRS,0.001168271177298833,0.001168271177298833,0.0012482098936061157,0.0010883324571551371,0.0010883324571551371,0.0012482098936061157,False,480074702
TT,0.024486063371114853,0.024486063371114853,0.0247306854505143,0.024241441291715415,0.024241441291715415,0.0247306854505143,False,480074702
TTd,0.019837052018519256,0.019837052018519256,0.019554591903215617,0.020119511975826693,0.020119511975826693,0.019554591903215617,False,480074702
TTv,0.029172272989906003,0.029172272989906003,0.02994819400701092,0.02839635192794952,0.02839635192794952,0.02994819400701092,False,480074702
TU,0.004798752164928811,0.004798752164928811,0.0047450491028939445,0.004852455184356999,0.004852455184356999,0.0047450491028939445,False,480074702
UVU,0.000228006893851834,0.000228006893851834,0.00024843650094223804,0.00020757728527766797,0.00020757728527766797,0.00024843650094223804,False,480074702
V,0.0008676220914253326,0.0008676220914253326,0.000599671946156354,0.0011355722341107534,0.0011355722341107534,0.000599671946156354,False,480074702
V3,0.0007803320483867081,0.0007803320483867081,0.0008454219515897129,0.0007152421484306434,0.0007152421484306434,0.0008454219515897129,False,480074702
V4,0.0017852139805841006,0.0017852139805841006,0.0017559006894770982,0.0018145272639230297,0.0018145272639230297,0.0017559006894770982,False,480074702
V4r,0.0014773936056452178,0.0014773936056452178,0.0015020263944279326,0.0014527608390210033,0.0014527608390210033,0.0015020263944279326,False,480074702
VAL,0.00674696696910358,0.00674696696910358,0.00784091068198901,0.00565302324685032,0.00565302324685032,0.00784091068198901,False,480074702
VCO,0.005732393372233875,0.005732393372233875,0.005436844758538924,0.006027941967147382,0.006027941967147382,0.005436844758538924,False,480074702
VENT,0.005802825509864092,0.005802825509864092,0.006486206335756625,0.005119444683971565,0.005119444683971565,0.006486206335756625,False,480074702
VERM,0.00027399637849670076,0.00027399637849670076,0.00027026149105817426,0.0002777312659352306,0.0002777312659352306,0.00027026149105817426,False,480074702
VI,0.0026212261061090954,0.0026212261061090954,0.0034073460054059672,0.001835106212092777,0.001835106212092777,0.0034073460054059672,False,480074702
VII,0.010110398711687988,0.010110398711687988,0.007829258903029207,0.01239153853343849,0.01239153853343849,0.007829258903029207,False,480074702
VIIIn,0.0038721995897477283,0.0038721995897477283,0.0033825995030654804,0.004361799676429975,0.004361799676429975,0.0033825995030654804,False,480074702
VIIn,0.0014013103395924477,0.0014013103395924477,0.0014620219446441808,0.0013405987356236155,0.0013405987356236155,0.0014620219446441808,False,480074702
VIS,0.0012153074320180076,0.0012153074320180076,0.001215726502005357,0.0012148883620306517,0.0012148883620306517,0.001215726502005357,False,480074702
VISC,0.03421542769416361,0.03421542769416361,0.034586917727623914,0.03384393766070327,0.03384393766070327,0.034586917727623914,False,480074702
VISC1,0.03988018497707153,0.03988018497707153,0.042736894117842913,0.037023475808200666,0.037023475808200666,0.042736894117842913,False,480074702
VISC2/3,0.0326119029060947,0.0326119029060947,0.03235910249059083,0.03286470323528194,0.03286470323528194,0.03235910249059083,False,480074702
VISC4,0.035548669306015315,0.035548669306015315,0.036156115855555934,0.03494122279807925,0.03494122279807925,0.036156115855555934,False,480074702
VISC5,0.0348225728232997,0.0348225728232997,0.034434994624461965,0.03521015119663384,0.03521015119663384,0.034434994624461965,False,480074702
VISC6a,0.031274003924089855,0.031274003924089855,0.031771207418091744,0.03077680056867397,0.03077680056867397,0.031771207418091744,False,480074702
VISC6b,0.03171899551235941,0.03171899551235941,0.03075793182943014,0.03268005937134143,0.03268005937134143,0.03075793182943014,False,480074702
VISa,0.0012873647000055841,0.0012873647000055841,0.0011650499341897237,0.0014096794658214448,0.0014096794658214448,0.0011650499341897237,False,480074702
VISa1,0.003104526012009612,0.003104526012009612,0.002870220968253512,0.0033388310734153276,0.0033388310734153276,0.002870220968253512,False,480074702
VISa2/3,0.0009577217438981669,0.0009577217438981669,0.0007549109897808951,0.0011605325024281327,0.0011605325024281327,0.0007549109897808951,False,480074702
VISa4,0.0006107719101491808,0.0006107719101491808,0.0005250197687018813,0.00069652405509257,0.00069652405509257,0.0005250197687018813,False,480074702
VISa5,0.0008750020316803806,0.0008750020316803806,0.0007389633237969331,0.0010110407365118315,0.0010110407365118315,0.0007389633237969331,False,480074702
VISa6a,0.0010499460247533213,0.0010499460247533213,0.0011143081828777083,0.0009855838720340742,0.0009855838720340742,0.0011143081828777083,False,480074702
VISa6b,0.001526056434284879,0.001526056434284879,0.0018790171267028053,0.0011730957359759322,0.0011730957359759322,0.0018790171267028053,False,480074702
VISal,0.0010384381506306976,0.0010384381506306976,0.000786250949501264,0.0012906253517601311,0.0012906253517601311,0.000786250949501264,False,480074702
VISal1,0.0016271785988414037,0.0016271785988414037,0.0011507906104888418,0.00210356658501494,0.00210356658501494,0.0011507906104888418,False,480074702
VISal2/3,0.0005839773296212883,0.0005839773296212883,0.0003354546945047212,0.0008324999732508192,0.0008324999732508192,0.0003354546945047212,False,480074702
VISal4,0.0004761438445077033,0.0004761438445077033,0.0003403427672310468,0.0006119449244579016,0.0006119449244579016,0.0003403427672310468,False,480074702
VISal5,0.0007428837008199666,0.0007428837008199666,0.00054544538288609,0.00094032202323431,0.00094032202323431,0.00054544538288609,False,480074702
VISal6a,0.0017587991758957098,0.0017587991758957098,0.00161282874760215,0.00190476960779049,0.00190476960779049,0.00161282874760215,False,480074702
VISal6b,0.003702326152544323,0.003702326152544323,0.00302796968317121,0.004376682652377871,0.004376682652377871,0.00302796968317121,False,480074702
VISam,0.0008838720058134019,0.0008838720058134019,0.0006623005443076945,0.0011054434673191044,0.0011054434673191044,0.0006623005443076945,False,480074702
VISam1,0.0019067113400622056,0.0019067113400622056,0.0016409514664743722,0.0021724711736169247,0.0021724711736169247,0.0016409514664743722,False,480074702
VISam2/3,0.0008280590353407463,0.0008280590353407463,0.0004447139661351559,0.001211404109551483,0.001211404109551483,0.0004447139661351559,False,480074702
VISam4,0.0004237270535785742,0.0004237270535785742,0.00022374575419233247,0.00062370835512408,0.00062370835512408,0.00022374575419233247,False,480074702
VISam5,0.00047319840875465163,0.00047319840875465163,0.0002824608167429549,0.00066393600427544,0.00066393600427544,0.0002824608167429549,False,480074702
VISam6a,0.0007704092771477498,0.0007704092771477498,0.00071164093242257,0.0008291776233818099,0.0008291776233818099,0.00071164093242257,False,480074702
VISam6b,0.001268643201747554,0.001268643201747554,0.0014117956598056198,0.0011254907418333203,0.0011254907418333203,0.0014117956598056198,False,480074702
VISl,0.001103743459989683,0.001103743459989683,0.0008660448058629058,0.0013414421141164537,0.0013414421141164537,0.0008660448058629058,False,480074702
VISl1,0.0013989872158963967,0.0013989872158963967,0.001366609462183962,0.001431364980544421,0.001431364980544421,0.001366609462183962,False,480074702
VISl2/3,0.0005716618926309388,0.0005716618926309388,0.0004056440941537194,0.0007376796870303578,0.0007376796870303578,0.0004056440941537194,False,480074702
VISl4,0.0005690107796412186,0.0005690107796412186,0.000481146185029466,0.0006568753771716499,0.0006568753771716499,0.000481146185029466,False,480074702
VISl5,0.0009025994394604973,0.0009025994394604973,0.00066575325763548,0.0011394456210837138,0.0011394456210837138,0.00066575325763548,False,480074702
VISl6a,0.0020162096893326575,0.0020162096893326575,0.00134249186958184,0.0026899274949073195,0.0026899274949073195,0.00134249186958184,False,480074702
VISl6b,0.0030889180196660582,0.0030889180196660582,0.002943803969174025,0.0032340321032279227,0.0032340321032279227,0.002943803969174025,False,480074702
VISli,0.0012505423117493448,0.0012505423117493448,0.0010431351343469027,0.0014579494891517933,0.0014579494891517933,0.0010431351343469027,False,480074702
VISli1,0.0011236985864287838,0.0011236985864287838,0.0011424101241572985,0.0011049870442605908,0.0011049870442605908,0.0011424101241572985,False,480074702
VISli2/3,0.0006920323482576947,0.0006920323482576947,0.000490752662366834,0.0008933120385335936,0.0008933120385335936,0.000490752662366834,False,480074702
VISli4,0.0004725672791043034,0.0004725672791043034,0.0003872713986765862,0.0005578631578828075,0.0005578631578828075,0.0003872713986765862,False,480074702
VISli5,0.0011976887516160677,0.0011976887516160677,0.00105029527476287,0.0013450822340928142,0.0013450822340928142,0.00105029527476287,False,480074702
VISli6a,0.002392156709781122,0.002392156709781122,0.0017885748995467798,0.002995738502028184,0.002995738502028184,0.0017885748995467798,False,480074702
VISli6b,0.0035234156547035585,0.0035234156547035585,0.00319690055330282,0.003849930764044972,0.003849930764044972,0.00319690055330282,False,480074702
VISp,0.0009132403608854076,0.0009132403608854076,0.00099717591661588,0.000829304805154935,0.000829304805154935,0.00099717591661588,False,480074702
VISp1,0.0014414736034734643,0.0014414736034734643,0.001681197022662648,0.0012017502038360799,0.0012017502038360799,0.001681197022662648,False,480074702
VISp2/3,0.000568042831703329,0.000568042831703329,0.000659796844955879,0.00047628881818498873,0.00047628881818498873,0.000659796844955879,False,480074702
VISp4,0.0006673749769125219,0.0006673749769125219,0.00075234883188383,0.0005824011104323004,0.0005824011104323004,0.00075234883188383,False,480074702
VISp5,0.0007847851632571005,0.0007847851632571005,0.0007982166331202935,0.000771353686218362,0.000771353686218362,0.0007982166331202935,False,480074702
VISp6a,0.001247120881793644,0.001247120881793644,0.00120695784862615,0.0012872839214878417,0.0012872839214878417,0.00120695784862615,False,480074702
VISp6b,0.0016201438996767343,0.0016201438996767343,0.0018794542935210898,0.0013608335068976249,0.0013608335068976249,0.0018794542935210898,False,480074702
VISpl,0.0014932674482305507,0.0014932674482305507,0.0014843613318833552,0.001502173564577733,0.001502173564577733,0.0014843613318833552,False,480074702
VISpl1,0.002935838955273981,0.002935838955273981,0.003500181220317681,0.0023714966714351022,0.0023714966714351022,0.003500181220317681,False,480074702
VISpl2/3,0.0009222229244686869,0.0009222229244686869,0.0007673934283957178,0.001077052410687401,0.001077052410687401,0.0007673934283957178,False,480074702
VISpl4,0.0010715282423138766,0.0010715282423138766,0.0008544467966203077,0.0012886096910505994,0.0012886096910505994,0.0008544467966203077,False,480074702
VISpl5,0.000980564804691123,0.000980564804691123,0.0006835205189417899,0.0012776090965416886,0.0012776090965416886,0.0006835205189417899,False,480074702
VISpl6a,0.0013131580646709889,0.0013131580646709889,0.00126695296494288,0.001359363156006979,0.001359363156006979,0.00126695296494288,False,480074702
VISpl6b,0.0011361813774910857,0.0011361813774910857,0.0011770501918362873,0.0010953125747618802,0.0010953125747618802,0.0011770501918362873,False,480074702
VISpm,0.0006697251939430024,0.0006697251939430024,0.0007108278721500062,0.000628622515736006,0.000628622515736006,0.0007108278721500062,False,480074702
VISpm1,0.0013085975401674228,0.0013085975401674228,0.0012231488775796336,0.0013940461971287447,0.0013940461971287447,0.0012231488775796336,False,480074702
VISpm2/3,0.0005283583969362296,0.0005283583969362296,0.000500430725130636,0.0005562860647841902,0.0005562860647841902,0.000500430725130636,False,480074702
VISpm4,0.0004222829996306619,0.0004222829996306619,0.000485757891874509,0.0003588081031921144,0.0003588081031921144,0.000485757891874509,False,480074702
VISpm5,0.0003855191473953346,0.0003855191473953346,0.00041042178597762045,0.00036061650789631405,0.00036061650789631405,0.00041042178597762045,False,480074702
VISpm6a,0.0007524940306875093,0.0007524940306875093,0.0010642170196660831,0.0004407710403029142,0.0004407710403029142,0.0010642170196660831,False,480074702
VISpm6b,0.0011334160069500817,0.0011334160069500817,0.0013749549834756,0.0008918770231502954,0.0008918770231502954,0.0013749549834756,False,480074702
VISpor,0.0035580991188511996,0.0035580991188511996,0.0036641930832387697,0.0034520051544636317,0.0034520051544636317,0.0036641930832387697,False,480074702
VISpor1,0.006173998806474754,0.006173998806474754,0.008018448496659376,0.004329549085377935,0.004329549085377935,0.008018448496659376,False,480074702
VISpor2/3,0.002588489119845968,0.002588489119845968,0.0027757690644648223,0.0024012091727968125,0.0024012091727968125,0.0027757690644648223,False,480074702
VISpor4,0.00199803088123702,0.00199803088123702,0.0022661223229078877,0.0017299394240808123,0.0017299394240808123,0.0022661223229078877,False,480074702
VISpor5,0.003012581997086675,0.003012581997086675,0.00247976868122348,0.0035453953291380317,0.0035453953291380317,0.00247976868122348,False,480074702
VISpor6a,0.0036057635029463947,0.0036057635029463947,0.00264397975988683,0.004567547276695871,0.004567547276695871,0.00264397975988683,False,480074702
VISpor6b,0.003731570759712943,0.003731570759712943,0.00275078761042093,0.00471235392469676,0.00471235392469676,0.00275078761042093,False,480074702
VISrl,0.0014183187624032124,0.0014183187624032124,0.0014927488927513148,0.0013438886320551134,0.0013438886320551134,0.0014927488927513148,False,480074702
VISrl1,0.0032366839718371634,0.0032366839718371634,0.0032530121196032167,0.0032203558746459492,0.0032203558746459492,0.0032530121196032167,False,480074702
VISrl2/3,0.0007630015571742948,0.0007630015571742948,0.0007224671757284958,0.000803535940121923,0.000803535940121923,0.0007224671757284958,False,480074702
VISrl4,0.0007691545875932351,0.0007691545875932351,0.0008621446038659797,0.0006761645688129413,0.0006761645688129413,0.0008621446038659797,False,480074702
VISrl5,0.0010272514528971665,0.0010272514528971665,0.0010997063242029882,0.0009547965677484005,0.0009547965677484005,0.0010997063242029882,False,480074702
VISrl6a,0.0016130890086926268,0.0016130890086926268,0.00191489253484175,0.0013112854765495,0.0013112854765495,0.00191489253484175,False,480074702
VISrl6b,0.0025287056191036334,0.0025287056191036334,0.00277958621445576,0.0022778250218834497,0.0022778250218834497,0.00277958621445576,False,480074702
VL,0.0005359403648798841,0.0005359403648798841,0.000536806215859507,0.0005350745132090795,0.0005350745132090795,0.000536806215859507,False,480074702
VLPO,0.0032111599338567245,0.0032111599338567245,0.0036366358130180453,0.002785684080754397,0.002785684080754397,0.0036366358130180453,False,480074702
VM,0.008706155728296257,0.008706155728296257,0.010296241659830207,0.007116069712355943,0.007116069712355943,0.010296241659830207,False,480074702
VMH,0.0018393636030216772,0.0018393636030216772,0.0018155398646246528,0.0018631873263281113,0.0018631873263281113,0.0018155398646246528,False,480074702
VMPO,0.001218399677622665,0.001218399677622665,0.001275301516943696,0.0011614978284341965,0.0011614978284341965,0.001275301516943696,False,480074702
VNC,0.004348291531523002,0.004348291531523002,0.004256584230776739,0.004439998832269277,0.004439998832269277,0.004256584230776739,False,480074702
VP,0.00460598614158657,0.00460598614158657,0.004968518689877883,0.0042434535932952735,0.0042434535932952735,0.004968518689877883,False,480074702
VPL,0.00521516088869783,0.00521516088869783,0.005591496433044056,0.004838825328034128,0.004838825328034128,0.005591496433044056,False,480074702
VPLpc,0.004946943060663843,0.004946943060663843,0.005762045515996275,0.004131840588888719,0.004131840588888719,0.005762045515996275,False,480074702
VPM,0.0034978851120169288,0.0034978851120169288,0.0038575985543047664,0.003138171736327398,0.003138171736327398,0.0038575985543047664,False,480074702
VPMpc,0.01043766909212578,0.01043766909212578,0.010557817110020531,0.010317521051183545,0.010317521051183545,0.010557817110020531,False,480074702
VS,0.0008106336187726752,0.0008106336187726752,0.0008100640422339081,0.0008112032132344321,0.0008112032132344321,0.0008100640422339081,False,480074702
VTA,0.06878451022937551,0.06878451022937551,0.0735837273066863,0.06398529310827142,0.06398529310827142,0.0735837273066863,False,480074702
VTN,0.010090937313013382,0.010090937313013382,0.011195464598131356,0.008986410052739289,0.008986410052739289,0.011195464598131356,False,480074702
VeCB,0.004581428552277451,0.004581428552277451,0.004437760455402865,0.004725096624315456,0.004725096624315456,0.004437760455402865,False,480074702
Vn,0.00023708346137890445,0.00023708346137890445,0.0002803020100819511,0.00019386491267585912,0.00019386491267585912,0.0002803020100819511,False,480074702
XII,0.0008157932132396697,0.0008157932132396697,0.0009459065786927255,0.00068567985290427,0.00068567985290427,0.0009459065786927255,False,480074702
Xi,0.028626110683029234,0.028626110683029234,0.029567644803319148,0.027684576618412338,0.027684576618412338,0.029567644803319148,False,480074702
Xn,0.0005239162903880597,0.0005239162903880597,0.0006102748752869092,0.00043755770548921017,0.00043755770548921017,0.0006102748752869092,False,480074702
ZI,0.008741348605360915,0.008741348605360915,0.009730239935373641,0.007752457308379206,0.007752457308379206,0.009730239935373641,False,480074702
aco,0.010782929149384442,0.010782929149384442,0.0094595998209115,0.01210625857493139,0.01210625857493139,0.0094595998209115,False,480074702
act,0.016427279242441743,0.016427279242441743,0.014713375305291248,0.01814118318256986,0.01814118318256986,0.014713375305291248,False,480074702
alv,0.0010269553870792274,0.0010269553870792274,0.0010662984470400077,0.0009876123235698856,0.0009876123235698856,0.0010662984470400077,False,480074702
amc,0.03154988916053498,0.03154988916053498,0.028416240955266348,0.03468353761536489,0.03468353761536489,0.028416240955266348,False,480074702
ar,0.004646061601572377,0.004646061601572377,0.0036729497318446725,0.005619173478771681,0.005619173478771681,0.0036729497318446725,False,480074702
arb,0.0007254142722344122,0.0007254142722344122,0.000743855391937117,0.000706973159991246,0.000706973159991246,0.000743855391937117,False,480074702
bic,0.0034056815515478736,0.0034056815515478736,0.0031612387893915016,0.0036501243434030896,0.0036501243434030896,0.0031612387893915016,False,480074702
bsc,0.00758085266663083,0.00758085266663083,0.00763270836469015,0.0075289970292942,0.0075289970292942,0.00763270836469015,False,480074702
c,0.00020496904914165079,0.00020496904914165079,0.00026013811584561,0.00014979998013585,0.00014979998013585,0.00026013811584561,False,480074702
cVIIIn,0.00447616846925232,0.00447616846925232,0.0038613377922587996,0.00509099914624584,0.00509099914624584,0.0038613377922587996,False,480074702
cbc,0.0004450925183054488,0.0004450925183054488,0.00037543576089544867,0.0005147492788637209,0.0005147492788637209,0.00037543576089544867,False,480074702
cbf,0.0013239192277504329,0.0013239192277504329,0.0011873094181096082,0.001460530250998022,0.001460530250998022,0.0011873094181096082,False,480074702
cbp,0.0028153772852551034,0.0028153772852551034,0.00229649968506984,0.00333426107508642,0.00333426107508642,0.00229649968506984,False,480074702
cc,0.0078058113477162995,0.0078058113477162995,0.007237521707251509,0.008374100988181078,0.008374100988181078,0.007237521707251509,False,480074702
ccb,0.005726662279423571,0.005726662279423571,0.005279173250482901,0.006174151271261483,0.006174151271261483,0.005279173250482901,False,480074702
ccg,0.006681851678239265,0.006681851678239265,0.006215471966606827,0.007148231358360103,0.007148231358360103,0.006215471966606827,False,480074702
ccs,0.0009918456321318235,0.0009918456321318235,0.0009016655141749508,0.0010820257556346396,0.0010820257556346396,0.0009016655141749508,False,480074702
cett,0.006689060066204605,0.006689060066204605,0.008082063558009032,0.005296056574400189,0.005296056574400189,0.008082063558009032,False,480074702
chpl,0.00014712723792692628,0.00014712723792692628,0.00012767712842103523,0.00016657734622638413,0.00016657734622638413,0.00012767712842103523,False,480074702
cic,0.0017823612630736621,0.0017823612630736621,0.0014440143218962301,0.002120708200507683,0.002120708200507683,0.0014440143218962301,False,480074702
cing,0.003964406077141158,0.003964406077141158,0.003948755078818041,0.003980057115040813,0.003980057115040813,0.003948755078818041,False,480074702
cm,0.0028763042086639404,0.0028763042086639404,0.0029445351867709003,0.0028082543470110003,0.0028082543470110003,0.0029445351867709003,False,480074702
cpd,0.0013028200492592205,0.0013028200492592205,0.0017200496829900113,0.00088559042778792,0.00088559042778792,0.0017200496829900113,False,480074702
csc,0.0038731146417247475,0.0038731146417247475,0.00410832181514703,0.0036379074619617203,0.0036379074619617203,0.00410832181514703,False,480074702
cst,0.0017667970014534466,0.0017667970014534466,0.00210010975715701,0.00143348631099792,0.00143348631099792,0.00210010975715701,False,480074702
cuf,0.0009854517495642365,0.0009854517495642365,0.0017808871110901,0.00019001639693668173,0.00019001639693668173,0.0017808871110901,False,480074702
das,0.0038047838107448328,0.0038047838107448328,0.003189707149113011,0.004419860451889678,0.004419860451889678,0.003189707149113011,False,480074702
dc,0.0009854517406659334,0.0009854517406659334,0.00178088708872014,0.00019001639261173264,0.00019001639261173264,0.00178088708872014,False,480074702
df,0.000684606336578068,0.000684606336578068,0.0006203228975152611,0.0007488897680104586,0.0007488897680104586,0.0006203228975152611,False,480074702
dhc,0.0011366222001405737,0.0011366222001405737,0.0011396276763085138,0.0011336167178885646,0.0011336167178885646,0.0011396276763085138,False,480074702
drt,0.006689060066204605,0.006689060066204605,0.008082063558009032,0.005296056574400189,0.005296056574400189,0.008082063558009032,False,480074702
dscp,0.041908265802612026,0.041908265802612026,0.041748894797638006,0.042060554400086395,0.042060554400086395,0.041748894797638006,False,480074702
dtd,0.027041126393462615,0.027041126393462615,0.029182728276646218,0.02488774004159494,0.02488774004159494,0.029182728276646218,False,480074702
ec,0.023110846332503116,0.023110846332503116,0.02113001361140047,0.02509167898970189,0.02509167898970189,0.02113001361140047,False,480074702
ee,0.050640601781229796,0.050640601781229796,0.048778982853400446,0.0525022204616107,0.0525022204616107,0.048778982853400446,False,480074702
em,0.003851891353503897,0.003851891353503897,0.00420982156447278,0.003493961109155906,0.003493961109155906,0.00420982156447278,False,480074702
eps,0.014055000170495723,0.014055000170495723,0.01467785106950088,0.01343372905630089,0.01343372905630089,0.01467785106950088,False,480074702
epsc,0.03769610581900028,0.03769610581900028,0.041442056743164056,0.03395015489483648,0.03395015489483648,0.041442056743164056,False,480074702
fa,0.01820699461218148,0.01820699461218148,0.01683794902346559,0.019576040260653817,0.019576040260653817,0.01683794902346559,False,480074702
fi,0.00022177312124536505,0.00022177312124536505,0.00017348466685687143,0.0002700615733601585,0.0002700615733601585,0.00017348466685687143,False,480074702
fiber tracts,0.00434044823525259,0.00434044823525259,0.00425615158892465,0.00442476826719935,0.00442476826719935,0.00425615158892465,False,480074702
fp,0.000758293214287316,0.000758293214287316,0.000699023069364536,0.0008175633532665757,0.0008175633532665757,0.000699023069364536,False,480074702
fr,0.015274289045344667,0.015274289045344667,0.017341977532669244,0.01320660061901432,0.01320660061901432,0.017341977532669244,False,480074702
fx,0.002439677100261049,0.002439677100261049,0.0025800253351917117,0.002299328861408835,0.002299328861408835,0.0025800253351917117,False,480074702
fxpo,0.0024719758278407954,0.0024719758278407954,0.00262154335095201,0.002322408304729586,0.002322408304729586,0.00262154335095201,False,480074702
fxs,0.0008470746820252172,0.0008470746820252172,0.000854166629775127,0.0008399827342753039,0.0008399827342753039,0.000854166629775127,False,480074702
gVIIn,0.0012639404422039393,0.0012639404422039393,0.0011012557356616629,0.001426625144085821,0.001426625144085821,0.0011012557356616629,False,480074702
grey,0.011119803300151256,0.011119803300151256,0.011292370683425545,0.01094736415078471,0.01094736415078471,0.011292370683425545,False,480074702
hbc,0.0021798845818110034,0.0021798845818110034,0.002521150327606821,0.0018386188392733502,0.0018386188392733502,0.002521150327606821,False,480074702
hc,0.001093027091578136,0.001093027091578136,0.0011020786412723066,0.0010839755418839687,0.0010839755418839687,0.0011020786412723066,False,480074702
icp,0.0006281263653874823,0.0006281263653874823,0.0005890022477938355,0.0006672502165656305,0.0006672502165656305,0.0005890022477938355,False,480074702
int,0.0023525201702749936,0.0023525201702749936,0.0027259575509333074,0.001979082777688706,0.001979082777688706,0.0027259575509333074,False,480074702
lfbs,0.005396973840219801,0.005396973840219801,0.005079718092285222,0.005714229691565767,0.005714229691565767,0.005079718092285222,False,480074702
lfbst,0.003127786739924905,0.003127786739924905,0.0026223063546480232,0.003633267125201798,0.003633267125201798,0.0026223063546480232,False,480074702
ll,0.004902980911982035,0.004902980911982035,0.003908065986615812,0.005897895867565208,0.005897895867565208,0.003908065986615812,False,480074702
lot,0.007007569320032613,0.007007569320032613,0.00857818586810022,0.0054369527060771,0.0054369527060771,0.00857818586810022,False,480074702
lotd,0.01315776093127213,0.01315776093127213,0.014067831415751162,0.012247690423828308,0.012247690423828308,0.014067831415751162,False,480074702
lotg,0.00792103402168355,0.00792103402168355,0.00939354218014191,0.006448525863225191,0.006448525863225191,0.00939354218014191,False,480074702
mcp,0.0016711147353703308,0.0016711147353703308,0.0007357880993367427,0.0026064413832500204,0.0026064413832500204,0.0007357880993367427,False,480074702
mct,0.003517392021489944,0.003517392021489944,0.00396536096232009,0.0030694230692461027,0.0030694230692461027,0.00396536096232009,False,480074702
mfb,0.04994540120883757,0.04994540120883757,0.05631181282224136,0.04357898926828057,0.04357898926828057,0.05631181282224136,False,480074702
mfbc,0.0032527683412713598,0.0032527683412713598,0.0030975070469991864,0.003408029635543533,0.003408029635543533,0.0030975070469991864,False,480074702
mfbs,0.004729628900075087,0.004729628900075087,0.004827464866636535,0.0046317853284980745,0.0046317853284980745,0.004827464866636535,False,480074702
mfbse,0.011221690482691494,0.011221690482691494,0.012873799154100862,0.009569581811282129,0.009569581811282129,0.012873799154100862,False,480074702
mfbsma,0.018462269326150683,0.018462269326150683,0.02015473667420817,0.0167675459163174,0.0167675459163174,0.02015473667420817,False,480074702
mfsbshy,0.015929773197594106,0.015929773197594106,0.017950990539760382,0.013908694167318639,0.013908694167318639,0.017950990539760382,False,480074702
ml,0.006880233090530726,0.006880233090530726,0.008293265818429034,0.005467200374550858,0.005467200374550858,0.008293265818429034,False,480074702
mlf,0.016711213288779846,0.016711213288779846,0.01795804046123519,0.015468264848459489,0.015468264848459489,0.01795804046123519,False,480074702
moV,0.000535376548718997,0.000535376548718997,0.0002070777772132533,0.0008636753220343825,0.0008636753220343825,0.0002070777772132533,False,480074702
mp,0.004434529723575438,0.004434529723575438,0.004809828027464368,0.004059231404039549,0.004059231404039549,0.004809828027464368,False,480074702
mtg,0.035648026312787406,0.035648026312787406,0.03704708595760164,0.034230946202296754,0.034230946202296754,0.03704708595760164,False,480074702
mtt,0.015245238563448118,0.015245238563448118,0.01778152874776423,0.012708948449562732,0.012708948449562732,0.01778152874776423,False,480074702
nst,0.03769610565124985,0.03769610565124985,0.041442056349478715,0.03395015478527055,0.03395015478527055,0.041442056349478715,False,480074702
och,0.0008667357437078044,0.0008667357437078044,0.0008243187342259017,0.0009091527584132264,0.0009091527584132264,0.0008243187342259017,False,480074702
onl,0.0001970097867487494,0.0001970097867487494,0.0001835249780555069,0.00021042648209002222,0.00021042648209002222,0.0001835249780555069,False,480074702
opt,0.0012273462793315829,0.0012273462793315829,0.0009662115837272457,0.0014884809817885594,0.0014884809817885594,0.0009662115837272457,False,480074702
or,0.0027502711644092864,0.0027502711644092864,0.0022961218833188126,0.0032044204407611367,0.0032044204407611367,0.0022961218833188126,False,480074702
pc,0.003673080129669761,0.003673080129669761,0.0036685066839943423,0.0036776535518583597,0.0036776535518583597,0.0036685066839943423,False,480074702
pm,0.010869909503250345,0.010869909503250345,0.01155605661042498,0.010183762403903495,0.010183762403903495,0.01155605661042498,False,480074702
py,0.000522535056573259,0.000522535056573259,0.0006145539238786862,0.00043051619223886576,0.00043051619223886576,0.0006145539238786862,False,480074702
pyd,0.0004952353972039674,0.0004952353972039674,0.00041046930782610706,0.0005800095936270495,0.0005800095936270495,0.00041046930782610706,False,480074702
root,0.010323465258291788,0.010323465258291788,0.010466852912941211,0.01018019911716688,0.01018019911716688,0.010466852912941211,False,480074702
rust,0.01144761177167275,0.01144761177167275,0.01121548297815024,0.01168008592794647,0.01168008592794647,0.01121548297815024,False,480074702
sAMY,0.028627401929800893,0.028627401929800893,0.029517804372554014,0.027736999487047803,0.027736999487047803,0.029517804372554014,False,480074702
sV,0.0002294203885458943,0.0002294203885458943,0.0002821831356754798,0.0001766576423051123,0.0001766576423051123,0.0002821831356754798,False,480074702
scp,0.006510077759053593,0.006510077759053593,0.00603581671457502,0.006984369670681149,0.006984369670681149,0.00603581671457502,False,480074702
sctd,0.0003893592726320157,0.0003893592726320157,0.0005155668074735115,0.0002631536047374379,0.0002631536047374379,0.0005155668074735115,False,480074702
sctv,0.0016897312063171518,0.0016897312063171518,0.0013816877975613819,0.0019977720723545127,0.0019977720723545127,0.0013816877975613819,False,480074702
scwm,0.01730990156801475,0.01730990156801475,0.01605051009464659,0.018569292996471608,0.018569292996471608,0.01605051009464659,False,480074702
sm,0.010308514258759264,0.010308514258759264,0.011934707827276689,0.008682320668412982,0.008682320668412982,0.011934707827276689,False,480074702
sptV,0.00023607817189190622,0.00023607817189190622,0.0002834185652318211,0.00018873777748831995,0.00018873777748831995,0.0002834185652318211,False,480074702
st,0.008765372402274756,0.008765372402274756,0.00847030820150391,0.009060436632375964,0.009060436632375964,0.00847030820150391,False,480074702
stc,0.026442651750488717,0.026442651750488717,0.02847455930805155,0.024410744011402093,0.024410744011402093,0.02847455930805155,False,480074702
sup,0.0139690638421158,0.0139690638421158,0.01798978991897681,0.009948337702553534,0.009948337702553534,0.01798978991897681,False,480074702
tb,0.004356902305405215,0.004356902305405215,0.00448044894437766,0.004233355653559527,0.004233355653559527,0.00448044894437766,False,480074702
ts,0.0005239162947154663,0.0005239162947154663,0.0006102748768171157,0.00043755771694122344,0.00043755771694122344,0.0006102748768171157,False,480074702
tsp,0.011949179969970924,0.011949179969970924,0.01290372793844409,0.01099945262645769,0.01099945262645769,0.01290372793844409,False,480074702
tspc,0.01174735042972239,0.01174735042972239,0.01268723791581577,0.01081255061726548,0.01081255061726548,0.01268723791581577,False,480074702
tspd,0.0031711617543155033,0.0031711617543155033,0.00225016585318371,0.00409215767867862,0.00409215767867862,0.00225016585318371,False,480074702
uf,0.0025298043924581485,0.0025298043924581485,0.003125647032038588,0.0019339617417983763,0.0019339617417983763,0.003125647032038588,False,480074702
vVIIIn,0.0004653559689086172,0.0004653559689086172,0.000682151613040099,0.00024856032220480645,0.00024856032220480645,0.000682151613040099,False,480074702
vhc,0.00045039668126740554,0.00045039668126740554,0.0005485724521960784,0.0003522209153288457,0.0003522209153288457,0.0005485724521960784,False,480074702
von,0.0007347990046525683,0.0007347990046525683,0.00046866470677283675,0.0010009333021571052,0.0010009333021571052,0.00046866470677283675,False,480074702
vtd,0.023073505525128272,0.023073505525128272,0.021909655386730252,0.02423735566553657,0.02423735566553657,0.021909655386730252,False,480074702
x,0.0033888010804177357,0.0033888010804177357,0.0028315004824889683,0.00394610169969379,0.00394610169969379,0.0028315004824889683,False,480074702
y,0.003850421860400376,0.003850421860400376,0.003834267665456522,0.0038665760803269097,0.0038665760803269097,0.003834267665456522,False,480074702
